CustomerID,Comments,Label,Media,sentiment
1,thanks ranvir bringing podcast,1,youtube,1
2,level podcast much diversity podcasts,1,youtube,0
3,u managed bring live pure heart,1,youtube,0
4,feeling much great full listen .,1,youtube,1
5,yet another heart touching vlog,1,youtube,0
6,informative podcast,1,youtube,0
7,u managed bring live pure heart,1,youtube,0
8,one best podcast channel .,1,youtube,1
9,amazing podcast,1,youtube,1
10,beautiful podcast,1,youtube,1
11,excellent interview window past,1,youtube,1
12,conversation never ended,1,youtube,0
13,beautiful interview,1,youtube,1
14,loved see sister podcast,1,youtube,1
15,podcast wonderful,1,youtube,1
16,one best podcast ever watched,1,youtube,1
17,love episode,1,youtube,1
18,ranveer effortlessly well,1,youtube,1
19,lovely interview/podcast,1,youtube,1
20,thanku much podcast,1,youtube,0
21,best podcast loved content overall conversation,1,youtube,1
22,truly enjoyed podcast,1,youtube,1
23,always catchy listen podcast,1,youtube,0
24,thoroughly enjoyed,1,youtube,1
25,trs raising bar podcasters higher higher,1,youtube,0
26,love podcast looking forward episode,1,youtube,1
27,fantastic episode,1,youtube,1
28,beautiful episode new topic,1,youtube,1
29,beautiful podcast beautiful,1,youtube,1
30,really enjoyed podcast,1,youtube,1
31,ranveer humble,1,youtube,0
32,powerful podcast,1,youtube,1
33,ranveer suprising u everytime,1,youtube,0
34,amazing royal podcast,1,youtube,1
35,thank ranveer podcast,1,youtube,1
36,one good podcast watched,1,youtube,1
37,cool ease,1,youtube,1
38,really nice conversation,1,youtube,1
39,glad see podcast,1,youtube,1
40,maja aa gaya,1,youtube,0
41,excellent pick subject chosen,1,youtube,1
42,one great podcast,1,youtube,1
43,fabulous,1,youtube,1
44,ranveer pls n't stop podcast channel,1,youtube,1
45,enjoyed beautiful informative episode,1,youtube,1
46,one best podcast ever watched,1,youtube,1
47,always watch podcast one favourite,1,youtube,0
48,superb interview,1,youtube,1
49,seen podcast unique,1,youtube,0
50,podcast beautiful,1,youtube,1
51,amazing podcast…amazing guest,1,youtube,1
52,seen many podcast way conduct podcast class apart,1,youtube,0
53,wow…something new captivating topic,1,youtube,0
54,amazing podcast,1,youtube,1
55,first podcast seen without skipping,1,youtube,0
56,n't think used appropriate word,-1,youtube,0
57,first time ’ agree brother,-1,youtube,1
58,actor felt like forced come,-1,youtube,1
59,rich guy associated bollywood trying act middle class podcasts,-1,youtube,1
60,bhai ba kar yaar,-1,youtube,0
61,always enjoy watching podcast,1,youtube,1
62,great video….looking forward content,1,youtube,1
63,use disclaimer,0,youtube,0
64,show lifeline,1,youtube,0
65,really wish meet least life,1,youtube,1
66,feel,1,youtube,0
67,event life remembering indeed,1,youtube,0
68,content best,1,youtube,1
69,"podcast view learning , lesson inspiration",-1,youtube,1
70,need podcast,1,youtube,0
71,’ stop podcast,1,youtube,-1
72,podcasts make sens .. kindly ’ promotion ambani,0,youtube,1
73,superb podcast,1,youtube,1
74,'s really true real review,1,youtube,1
75,ranveer sound star struck surprising n't think public display wealth glorified anymore responsible citizen,-1,youtube,1
76,much needed ranveer,1,youtube,0
77,ranveer allahbadia marketing agent,-1,youtube,0
78,amazing quality podcast,1,youtube,1
79,ranveer bali influencer totally fake,-1,youtube,-1
80,let manipulate audience,-1,youtube,0
81,ranveer : full positivity,1,youtube,1
82,great episode ranveer,1,youtube,1
83,love dedication,1,youtube,1
84,love podcast please keep going,1,youtube,1
85,way podcast positioned… fooled u,-1,youtube,-1
86,inception ranveer really disgusting,-1,youtube,-1
87,cashing ? wow,0,youtube,1
88,every podcast feel much emotion,1,youtube,0
89,video hit differently,1,youtube,0
90,love podcasting,1,youtube,1
91,want podcast story,1,youtube,1
92,ranveer like alien also arrived,0,youtube,1
93,manifesto podcast,1,youtube,0
94,amazing,1,youtube,1
95,able maintain image `` big fat indian wedding '',0,youtube,0
96,respect ranveer 1,1,youtube,1
97,podcast 1 pr,-1,youtube,0
98,nice input,1,youtube,1
99,vote msd podcast,1,youtube,0
100,ranveer treating good,1,youtube,1
101,first time watched podcast,0,youtube,0
102,cheer ranveer acknowledging,1,youtube,1
103,ranveer stole heart,1,youtube,0
104,literally cried 2-3 time watching podcast .. wholesome,1,youtube,-1
105,chemistry u looked amazing,0,youtube,1
106,podcast really inspiring,1,youtube,1
107,first time watched podcast,0,youtube,0
108,humble man ranveer,1,youtube,0
109,polite well-spoken ranveer,1,youtube,0
110,ranveer voice soft,0,youtube,0
111,way ranveer speaking humble,1,youtube,0
112,way ranveer handling whenever voice getting shaky . uff true gentleman .,1,youtube,1
113,interview brave girl,1,youtube,1
114,treated gently lovely watching,1,youtube,1
115,sweet ranveer call podcast,0,youtube,1
116,broadcast one best 've seen,1,youtube,1
117,interview good,1,youtube,1
118,thanks heart-touching podcast,1,youtube,1
119,thanks ranveer,1,youtube,1
120,cried hard watching podcast…so pure innocent,1,youtube,1
121,undoubtedly best podcaster india,1,youtube,1
122,ranveer .. grounded person make everyone comfortable,1,youtube,1
123,cried watching podcast,0,youtube,-1
124,ranveer generous gentleman,1,youtube,1
125,ranveer sir good humble way treated,1,youtube,1
126,podcast podcasting like never coz vibe talk,1,youtube,1
127,first time watched podcast,0,youtube,0
128,motivational podcast ssearching new hope,1,youtube,1
129,proud way conducted podcast,1,youtube,1
130,one best podcast,1,youtube,1
131,beautiful podcast,1,youtube,1
132,beautiful inspiring podcast,1,youtube,1
133,thankyou best host girl like nancy,1,youtube,1
134,purest podcast,1,youtube,0
135,"podcast changed perception ranveer , 's giving kind guardian like vibe , respect much",1,youtube,1
136,everything perfect hat guy,1,youtube,1
137,beautiful podcast,1,youtube,1
138,ranveer ultimate podcaster,1,youtube,0
139,clear absolute podcast ever 've watched,1,youtube,1
140,ranveer 's best podcast till date,1,youtube,1
141,ranveer exactly know treat someone,0,youtube,1
142,way ranveer treating commendable,1,youtube,0
143,way ranveer talk made cry…sitting straight podcast,0,youtube,1
144,totally different podcast usual podcasts,1,youtube,0
145,podcast make cry,0,youtube,-1
146,one best podcast 've ever seen,1,youtube,1
147,best podcast ever,1,youtube,1
148,ranveer also liked podcast,1,youtube,1
149,honest conversation ever seen podcast,1,youtube,1
150,'s openeness purity enjoy podcast,1,youtube,1
151,episode soulful .. goosebump,1,youtube,0
152,thanks info,0,youtube,1
153,"wow , podcast whole arc moved spirituality glamour",1,youtube,1
154,really loved podcast,1,youtube,1
155,episode hit hard,1,youtube,-1
156,one best celebrity podcasts 've done,1,youtube,1
157,podcast refreshing see,1,youtube,0
158,hope bring another podcast soon,0,youtube,1
159,amazing podcast,1,youtube,1
160,find video well done,0,youtube,1
161,touching,1,youtube,0
162,"podcast bullet train .. wao , team really working hard",1,youtube,-1
163,n't know podcast bring type chill,0,youtube,0
164,podcast relatable time educating,0,youtube,0
165,thank ranveer bringing matured side,1,youtube,1
166,podcasts really fresh mind heart,1,youtube,1
167,"last podcast wholesome podcast , felt like heartfelt conversation",1,youtube,1
168,essence real podcast,1,youtube,0
169,thank podcast,0,youtube,1
170,'s really amazing podcast,1,youtube,1
171,found podcast interesting informative,1,youtube,1
172,loved session ; thank lovely podcast,1,youtube,1
173,'s really amazing podcast,1,youtube,1
174,good episode,1,youtube,1
175,ranveer amazing always,1,youtube,1
176,thanks lot masterpiece,1,youtube,1
177,ranveer podcast meditation mindfulness age,1,youtube,0
178,conversation felt genuine,1,youtube,0
179,'s podcast need today thanks podcast,1,youtube,1
180,podcast…no word,1,youtube,0
181,loved podcast,1,youtube,1
182,podcast truly amazing,1,youtube,1
183,sensible . deep conversation ! loved,1,youtube,1
184,entire podcast full heart,1,youtube,0
185,n't expect interview .. hat ranveer 's team,1,youtube,0
186,awesome interview ranveer sir,1,youtube,1
187,way ranveer made comfortable show culture generousity,1,youtube,1
188,thank ranveer podcast,1,youtube,1
189,podcast gave glimpse life beautiful soul,1,youtube,1
190,"ranveer amazing person , always see podcast",1,youtube,1
191,one best episode inspire million,1,youtube,1
192,thanks ranveer nice making comfortable,1,youtube,1
193,literally fell love ranveer,1,youtube,1
194,heart touching podcast,1,youtube,0
195,ranveer best podcaster,1,youtube,1
196,never checked others podcast one felt real honest podcast,1,youtube,1
197,emotional podcast thank ranveer,1,youtube,1
198,"amazing great conversation , deep , real articulated well",1,youtube,1
199,ranveer loved podcast,1,youtube,1
200,"thank , consistently selecting guest leave lasting impression mind thought",1,youtube,1
201,could n't better podcast end today 's auspicious day,1,youtube,-1
202,"every podcast information , 's direction lesson",1,youtube,0
203,podcast icing cake,1,youtube,0
204,actually deep .. love man,1,youtube,1
205,thank much ranveer changing life,1,youtube,1
206,episode wonderful give soo much clarity,1,youtube,1
207,truly mesmerized,1,youtube,1
208,watching third time go,1,youtube,0
209,ca n't wait three epic podcasts,1,youtube,0
210,intelligent questioning make show memorable,1,youtube,1
211,amazing podcast-always crave indepth knowledge,1,youtube,1
212,ca n't believe much invested podcast,1,youtube,0
213,thank wonderful podcast,1,youtube,1
214,canlisten sir hour 's blessing,1,youtube,1
215,chose unexpectedly special day,0,youtube,1
216,great work ranveer,1,youtube,1
217,thank ranveer bhaiya clip,1,youtube,1
218,ranveer n't n't shy away someone point hindu targeted india,-1,youtube,-1
219,big fan ranveer ca n't help see hypocrisy certain area,0,youtube,1
220,'re convinced bring issue,-1,youtube,1
221,one disagree ranveer,-1,youtube,-1
222,letting speak .. thats really bad,-1,youtube,-1
223,interrupting started telling missionary something like,-1,youtube,1
224,must apology ranveer trying politically biased,1,youtube,1
225,’ disrespect guest interrupting,-1,youtube,-1
226,thank bringing thing light podcast,1,youtube,1
227,n't hypocrite,-1,youtube,0
228,ashamed ranveer using title video,-1,youtube,-1
229,stop interrupting guest,-1,youtube,-1
230,disappointing cheap tactic title video,-1,youtube,-1
231,ranveer clearing personal doubt,0,youtube,-1
232,love ranveer asks question viewer mind,1,youtube,1
233,gold mine,1,youtube,0
234,podcasts really informational,1,youtube,0
235,thank yoy much doubt clear,1,youtube,1
236,"valuable podcast , informative",1,youtube,1
237,hit spot elicit action,1,youtube,0
238,knowledge wo n't get anywhere,1,youtube,0
239,truly care asking important question .. thank ranveer,1,youtube,1
240,thanks highly necessary informative podcast,1,youtube,1
241,deserve respect educating society,1,youtube,1
242,bestest video till,1,youtube,0
243,everything crystal clear,1,youtube,1
244,informative one best video topic,1,youtube,1
245,informative clip,1,youtube,0
246,teaching youth decent thing .. well .. done,1,youtube,1
247,aura ranveer,1,youtube,0
248,ranveer 's podcasts educative,1,youtube,0
249,ranveer set benchmark podcasting india,1,youtube,0
250,none level podcasting,1,youtube,0
251,true podcaster,1,youtube,1
252,ranveer best podcaster india far,1,youtube,1
253,ranveer made host speak .. real motivation,1,youtube,1
254,actually get people open .. guy,1,youtube,0
255,ranveer energy pure,1,youtube,1
256,literally mindblowing podcast,1,youtube,0
257,watching ranveer 's podcast understood spirituality,1,youtube,0
258,podcast wonderful,1,youtube,1
259,ranveer great man,1,youtube,1
260,ranveer truly intelligent knowledgeable person,1,youtube,1
261,great job indeed,1,youtube,1
262,really good topic youth,1,youtube,1
263,thanks lot bringing beautiful epsode,1,youtube,1
264,wow ranveer ! love show,1,youtube,1
265,podcasts hit cord,1,youtube,0
266,eye opening video,1,youtube,0
267,one best podcast ! ! teach lot,1,youtube,1
268,word describe kindness,1,youtube,1
269,'s must watch video,1,youtube,0
270,keep inspiring way,1,youtube,1
271,first time heard bad word ranveer,0,youtube,-1
272,love way explain,1,youtube,1
273,thank story get learn lot,1,youtube,1
274,point learn listen 1 -1,1,youtube,0
275,wow make video spirituality,1,youtube,1
276,please bring podcast actual guru,0,youtube,1
277,2nd part mind blowing,1,youtube,0
278,best video trs,1,youtube,1
279,compulsiveness consciousness,1,youtube,0
280,enlightening video,1,youtube,1
281,podcast…no word,1,youtube,0
282,amazing,1,youtube,1
283,need solo podcast,0,youtube,0
284,mastered story-telling skill,1,youtube,0
285,wonderful presentation .. felt goosebump,1,youtube,1
286,left great influence,1,youtube,1
287,video .. explanation .. great job,1,youtube,1
288,soothing motivation ranveer,1,youtube,1
289,make day ranveer…love,1,youtube,0
290,video full knowledge,1,youtube,0
291,always motivate u,1,youtube,1
292,ranveer improving content really well,0,youtube,1
293,video savior,1,youtube,0
294,thank much masterpiece video,1,youtube,1
295,story made speechless,1,youtube,0
296,petition ranveer come raw real,1,youtube,0
297,keep posting video,1,youtube,0
298,grateful watching personal growth,1,youtube,1
299,crisp clear .. loved conversation,1,youtube,1
300,n't blame others success,-1,youtube,1
301,learn lot podcast,1,youtube,0
302,first podcast 've ever felt watching,1,youtube,0
303,n't seen many podcast really worth,1,youtube,1
304,amazing amazing podcast,1,youtube,1
305,podcast knowledgable affective,1,youtube,0
306,thank clarity giving conversation,1,youtube,1
307,massive bro ! podcast,1,youtube,0
308,great podcast got sense realization,1,youtube,1
309,’ even know expect podcast,0,youtube,0
310,fine conversation,1,youtube,1
311,eye catching podcast,1,youtube,0
312,make type podcast .. amazing podcast,1,youtube,1
313,want podcasts,1,youtube,1
314,loved podcast,1,youtube,1
315,'s great podcast…learnt many valuable lesson,1,youtube,1
316,let 's dive deeper mind many episode,1,youtube,0
317,superb interview,1,youtube,1
318,worth view video,1,youtube,1
319,eye opening podcast,1,youtube,0
320,thank giving insight,1,youtube,1
321,thank fir giving another perspective work career,1,youtube,1
322,wonderful session,1,youtube,1
323,fine conversation,1,youtube,1
324,ranveer please make podcast regarding jammu,0,youtube,1
325,"definitely best podcast .. wordplay .. hypocrisy , pure truth",1,youtube,1
326,thank bringing brave jem personality,1,youtube,1
327,great podcast,1,youtube,1
328,world need type podcasts,1,youtube,0
329,eye opening podcast,1,youtube,0
330,need episode like,1,youtube,1
331,kudos bringing motivational topic,1,youtube,1
332,podcast really good,1,youtube,1
333,podcast .. end hectic day ranveer 's enriching podcats,1,youtube,0
334,forget german class today listening podcast,0,youtube,-1
335,really liked podcast,1,youtube,1
336,motivational truly appreciating podcast,1,youtube,1
337,nice wonderful session,1,youtube,1
338,one deepest conversation,1,youtube,0
339,perfect combination modern plus spiritual,1,youtube,1
340,best podcast ever watched youtube,1,youtube,1
341,spiritual podcast became favourite watch,0,youtube,0
342,thanks giving beautiful podcast,1,youtube,1
343,thanks amazing podcast,1,youtube,1
344,"1st ever podcast , ever listened every second",1,youtube,0
345,listening great inspiring,1,youtube,1
346,episode needed calm,1,youtube,1
347,please bring spiritual episode,1,youtube,1
348,aura create calming,1,youtube,1
349,learned lot podcast,1,youtube,0
350,talented gifted interview .. ranveer,1,youtube,1
351,episode gave much 1 vibe,1,youtube,0
352,thanks giving beautiful podcast,1,youtube,1
353,literally brought back religion,1,youtube,0
354,podcast .. pure satsang,1,youtube,0
355,mark word historic podcast,1,youtube,0
356,thank much trs amazing video,1,youtube,1
357,ca n't control tear throughout video,0,youtube,0
358,first time finished whole podcast,1,youtube,0
359,never watch podcast 45 sec literally finished whole podcast,1,youtube,0
360,divine podcast,1,youtube,1
361,absolutely fantastic,1,youtube,1
362,episode le meditation,1,youtube,0
363,reason ca n't control tear listening video,0,youtube,0
364,energy transferred u,1,youtube,1
365,podcast best,1,youtube,1
366,keep,1,youtube,0
367,put aside work listen podcast,1,youtube,0
368,happy see change,0,youtube,1
369,podcast nice,1,youtube,1
370,amazing podcast,1,youtube,1
371,superb podcast .. 1 towards life business,1,youtube,1
372,informative .. loved podcast,1,youtube,1
373,looking forward insightful informative podcasts,1,youtube,0
374,inspirational session,1,youtube,1
375,thanks spreading knowledgeable informative growth content,1,youtube,1
376,podcast man .. seriously extremely good,1,youtube,1
377,podcast one informative intellectual podcast,1,youtube,1
378,thank mesmerizing podcast,1,youtube,1
379,interesting podcast .. waiting .. loved,1,youtube,1
380,podcast truly amazing ! great visionary personality,1,youtube,1
381,thanks valuable session,1,youtube,1
382,create much podcast like,1,youtube,1
383,watching full podcast big thank making,1,youtube,1
384,'s amazing insightful podcast,1,youtube,1
385,video kept watching end,1,youtube,0
386,excellent podcast lot learn,1,youtube,1
387,want see podcasts,1,youtube,1
388,give voice many public influencers,1,youtube,0
389,realistic podcast,1,youtube,0
390,calmly ranveer talking .. loved,1,youtube,1
391,loved podcast .. thanks bringing,1,youtube,1
392,one really touching heart,1,youtube,0
393,raw interview .. innocent 's peak,1,youtube,1
394,really loved podcast,1,youtube,1
395,thank bringing journey light podcast,1,youtube,1
396,need respect button ranveer allabhadia,1,youtube,1
397,superb podcast…felt like n't end,1,youtube,1
398,"ranveer , way talked amazing",1,youtube,1
399,made subscribe podcast,1,youtube,0
400,beautiful podcast,1,youtube,1
401,favourite show,1,Instagram,0
402,keep making fun content u love,1,Instagram,1
403,deeper voice make amazing,1,Instagram,1
404,"fantastic episode , love u ranveer bhai",1,Instagram,1
405,guy heart,1,Instagram,0
406,mature man n stop cry past every podcast,-1,Instagram,1
407,best show,1,Instagram,1
408,amazing,1,Instagram,1
409,make face sitting stop,-1,Instagram,-1
410,ranveer u make dirty face,-1,Instagram,-1
411,ask really good question ranveer,1,Instagram,1
412,ur video good need podcast virat kohli,0,Instagram,1
413,"ranveer , start smiling every day see",1,Instagram,1
414,much respect love hard work,1,Instagram,1
415,waiting podcast mahi sir,0,Instagram,0
416,nice,1,Instagram,1
417,like ur personality ur energy,1,Instagram,1
418,n't know ur podcast ur look different,0,Instagram,0
419,n't reply common man,-1,Instagram,0
420,please n't lose ur integrity money.i say see real u clearly now.heartbroken disappointed,-1,Instagram,1
421,"brother content different , happened satrted",-1,Instagram,0
422,insightful episode,1,Instagram,0
423,well done ranveer,1,Instagram,1
424,shameless,-1,Instagram,-1
425,perfect,1,Instagram,1
426,fire show,1,Instagram,-1
427,"oh god , u guy sound desperate",-1,Instagram,1
428,great podcast . finished watching,1,Instagram,1
429,u true inspiration,1,Instagram,1
430,really needed every time hot ongoing topic needed podcas ?,0,Instagram,0
431,truly n't expect,0,Instagram,1
432,awesome,1,Instagram,1
433,best cutest,1,Instagram,1
434,nonsense show,-1,Instagram,-1
435,legend,1,Instagram,0
436,time fav,1,Instagram,1
437,"ranveer make face smelling bad , destroys good conversation",-1,Instagram,1
438,change ur face expression u serious,0,Instagram,-1
439,face reaction suck podcast question,-1,Instagram,-1
440,"please go brother , u asking fraud question",-1,Instagram,1
441,love podcast,1,Instagram,1
442,inspiring,1,Instagram,1
443,today 's youth inspiration,1,Instagram,1
444,indeed well said,1,Instagram,1
445,podcast love,1,Instagram,1
446,rocking show,1,Instagram,0
447,’ know healer enjoy podcast,1,Instagram,1
448,earn hard work,1,Instagram,-1
449,confidence god,1,Instagram,1
450,egoistic,-1,Instagram,0
451,something much,-1,Instagram,0
452,amazing podcast,1,Instagram,1
453,loving episode sir amazing thankyou podcast,1,Instagram,1
454,"follow italy would like thanks amazing work spreading knowledge guest . since yoga path many thing happens , last summer south india visiting temple also many interesting thing experienced . ’ guru many question , though podcast received many answers… . grateful",0,Instagram,1
455,inspired lot spiritually mentally . podcast much help,1,Instagram,1
456,hater laugh see ur work,1,Instagram,1
457,hate love,1,Instagram,1
458,truee inspiration many,1,Instagram,1
459,speaking mindless misinformation pseudoscience,-1,Instagram,-1
460,nobody hate bro except antinationals,1,Instagram,-1
461,best ranveer,1,Instagram,1
462,best bro keep work n't let people behind screen affect . genuinely like podcasts,1,Instagram,1
463,inspiring 1 attitude everything,1,Instagram,1
464,one best podcast channel youtube keep bro,1,Instagram,1
465,bro got zero hater memers,1,Instagram,-1
466,work speaking ! ! super proud,1,Instagram,1
467,hate need hesitate little,0,Instagram,-1
468,great work man ! ! seen channel & grow year . fitness video pod cast . great success ! !,1,Instagram,1
469,"mean earning money , earn troll work",1,Instagram,0
470,idiot podcast ever,-1,Instagram,-1
471,'re best . following 5 year every content create worth watch . starting grooming podcasts .,1,Instagram,1
472,bro hater,-1,Instagram,-1
473,trs new worst version kapil sharma show,-1,Instagram,-1
474,keep going man ! ’ goat !,1,Instagram,0
475,first try make ur podcast lil scientific . stop nuisance . stop biased . stop act ambassador bjp .,-1,Instagram,-1
476,hate uttar pradesh,-1,Instagram,-1
477,manifesting podcast,1,Instagram,0
478,script overacting,-1,Instagram,0
479,like podcasts . 'll always troll . stop self victimization post .,0,Instagram,1
480,well said man,1,Instagram,1
481,one care much even hate stop patting ego,-1,Instagram,1
482,used follow since 2015 realised waste,-1,Instagram,-1
483,bro right please hesitate idont think need hesitate open talk podcast want gather knowledge person may right may noy,0,Instagram,1
484,hater jealous,1,Instagram,-1
485,"started watching podcasts reel , fantastic , catchy ! good amount information making interest listen keep good work",1,Instagram,1
486,great bro,1,Instagram,1
487,1 podcaster,1,Instagram,0
488,bro work nonsense connection bribg handful good guests.please make podcast without voice .,-1,Instagram,1
489,'s actually pretty amazing !,1,Instagram,1
490,ranveer podcast really helpful get clarity field,1,Instagram,1
491,informative podcast,1,Instagram,0
492,insightful podcast,1,Instagram,0
493,next level nonsense,-1,Instagram,-1
494,thrilling podcast,1,Instagram,1
495,listened 3 blockbuster episode beerbiseps .... sir ur inspiration ... keep going ! ! ! ! !,1,Instagram,1
496,amazing bro . stay blessed,1,Instagram,1
497,lost respect ranveer,-1,Instagram,1
498,hate lot hate team go hell go go hell deserve hell,-1,Instagram,-1
499,one best podcadt 've seen level intellect awareness woow,1,Instagram,1
500,best podcast ever,1,Instagram,1
501,unfiltered truthful,1,Instagram,1
502,best motivation keep going,1,Instagram,1
503,"seen video , nonsense .",-1,Instagram,-1
504,spoken uncommon sensitive topic part parcel life every podscast deserve .. cheer,1,Instagram,1
505,"stop brother , many edits made",-1,Instagram,-1
506,hard work,1,Instagram,-1
507,inspires u,1,Instagram,1
508,real influencers,1,Instagram,0
509,bro need hesitate sometimes,1,Instagram,-1
510,"many reel put achievement , learn something ankit baiyanpuria",-1,Instagram,0
511,"youtubers fool , show happening country .",-1,Instagram,-1
512,"everything else fine brother , le nonsense",0,Instagram,1
513,"love , love love",1,Instagram,1
514,"brother , unsubscribed .",0,Instagram,0
515,favourite content creator,1,Instagram,0
516,idiot everyone 's money,-1,Instagram,-1
517,move ahead like,1,Instagram,1
518,feeling would really great,1,Instagram,1
519,"proud , many time post video brother",0,Instagram,1
520,hey truly amazing,1,Instagram,1
521,keep good work seen progress viewer,1,Instagram,1
522,"literally watching ur reel , give u next level motivation n energy ! !",1,Instagram,1
523,nice message spread sir,1,Instagram,1
524,rock ranveer . enjoy watching podcasts . always something new see n learn . bring good content,1,Instagram,1
525,hardwork valued ! ! !,1,Instagram,1
526,’ inspiring .. always fan .. every video spread much happiness knowledge,1,Instagram,1
527,"work hard see pride eye , 's biggest award",1,Instagram,1
528,following start say truly truly deserve everything,1,Instagram,1
529,"intellectual also bad thing , brain get hurt",-1,Instagram,1
530,please hesitate,-1,Instagram,1
531,'re purposely asking question everyone,-1,Instagram,0
532,always best question ... love podcasts,1,Instagram,1
533,helped tough time,1,Instagram,-1
534,honored hear life journey podcast ..,1,Instagram,1
535,please musical podcast also . u call legend classical music industry,0,Instagram,1
536,sir think smart compared many billionaire ... waiting podcast,0,Instagram,1
537,great podcast . definitely go solar end year .,1,Instagram,1
538,sink ; u good nothing !,-1,Instagram,1
539,"ranveerbhai , making india proud !",1,Instagram,1
540,ask really good question ranveer,1,Instagram,1
541,ranveer ambani spokeperson,-1,Instagram,0
542,found answer many question .... thanks,1,Instagram,1
543,bro meet pn like fan meet bangalore,0,Instagram,1
544,always remember nobody else journey,0,Instagram,0
545,"rother , video need editing & need work",-1,Instagram,0
546,motivated enough week least,1,Instagram,1
547,biggest fan u r podcast .. god bless team ... good night ranveeer,1,Instagram,1
548,love content ... meaningful .. focused & point u . thank heart .. regard aditi / doha,1,Instagram,1
549,"please always write english pakistani audience also follows , read hindi",0,Instagram,1
550,love communication skill ranveer sir,1,Instagram,1
551,"lot dream , one meet lifetime . 'm working dream",1,Instagram,1
552,ranveer brother fulfilling dream family getting lost,0,Instagram,1
553,"’ accepted flaw , one use .",1,Instagram,1
554,even memers started eat reach ranveer brother,0,Instagram,1
555,need gut make fun self post huge number following,-1,Instagram,1
556,"thought tag ranveer , see account came",0,Instagram,0
557,"bro , love podcasts inviting guy show bad decision ..",0,Instagram,1
558,podcast disappointed,0,Instagram,-1
559,time unfollow,-1,Instagram,0
560,sir please talk men right men need appeal soon possible,0,Instagram,1
561,much needed podcast,1,Instagram,0
562,eagerly waiting,1,Instagram,1
563,& trs one best podcasts always,1,Instagram,1
564,please one podcast brother rajshreenandi sir,0,Instagram,1
565,call rahul puri podcasts geopolitics . best . mark word,0,Instagram,1
566,"brother , today diwali ram come diwali come .",0,Instagram,0
567,truth . hail lord ram,1,Instagram,1
568,ranvir change locket per convenience .. day saw wearing cross locket .. 's locket accessory,0,Instagram,0
569,"yes , rightly said , terrorist come afterwards .",1,Instagram,1
570,lot fighter like guarding sanatana dharma telling great,1,Instagram,1
571,"ou saviour , fear saviour",1,Instagram,-1
572,brother goosebump arrived,0,Instagram,0
573,comment section prof understood teaching ramayana clearly,1,Instagram,1
574,absolutely correct,1,Instagram,0
575,speaker video spiritual soul podcast please,1,Instagram,1
576,powerful,1,Instagram,1
577,listening podcast night 3:30 bhai energetic vibe,1,Instagram,1
578,best podcast power .,1,Instagram,1
579,"listening , automatically went meditative state ! ! 's pleasing meaningful",1,Instagram,1
580,sorry one like button,1,Instagram,1
581,voice tune bhajan world . specially bajrang baan,1,Instagram,0
582,'m feeling 1 vibe guy,1,Instagram,1
583,insightful episode woman calibre thorough professional,1,Instagram,0
584,"play game , throwing little taking name",0,Instagram,1
585,even able leave ace behind . iykyk,0,Instagram,-1
586,make podcast dawood,0,Instagram,0
587,n't fake status,-1,Instagram,1
588,"brother , channel fly away , dawood , fool",-1,Instagram,-1
589,blind devotee sing song unknown person,0,Instagram,1
590,thank sharing,1,Instagram,1
591,lol know shri ram vishnu avatar,-1,Instagram,1
592,podcast wow ranveer hope someday,1,Instagram,1
593,success seems connected action successful people keep moving make mistake dont quit,0,Instagram,1
594,must testify great achievement platform changed life financiall,0,Instagram,1
595,"thank much , .. done , thank profit",1,Instagram,1
596,absolutely inspiring,1,Instagram,1
597,watching ranveer 's reaction,0,Instagram,0
598,beautiful,1,Instagram,1
599,"listening carefully , teach u beautiful quality listening & absorbing word . listening understand reply",1,Instagram,1
600,science one day end human race,1,Instagram,0
601,ai brought change people wo n't adopt left behind work help ai ...,1,Instagram,1
602,bro please invite fitter founder jitendra chouskey full knowledge health,0,Instagram,1
603,geopolitical leader hide behind # veilofshadows keep pulling # lynchpin ensure best laid scheme men come fruition,0,Instagram,1
604,deep thing .,0,Instagram,0
605,never believed real untill got paid decided share dont know might emancipate thanks,-1,Instagram,1
606,bro dumb guy check twitter know background . dumbed thing go viral easily understandable normal people .,-1,Instagram,1
607,trading,1,Instagram,0
608,big motive behind one making gatiya rael right,1,Instagram,0
609,beautiful simple answer word !,1,Instagram,1
610,bad time creats strong men,1,Instagram,1
611,nevelle made sit combing .,0,Instagram,0
612,inspiration,1,Instagram,1
613,sends lawsuit difficult sir,1,Instagram,-1
614,one angry gone,-1,Instagram,-1
615,pretty good roast show watcher assemble,-1,Instagram,1
616,monk bought ferrari,-1,Instagram,0
617,"brother , delete roast",0,Instagram,0
618,something needed hear today,0,Instagram,0
619,owerful answer . stop cost reason,1,Instagram,-1
620,"mr. garover , great , doubt , must get best backfucker award one day .",1,Instagram,1
621,best guy,1,Instagram,1
622,clear thing said,1,Instagram,1
623,simple 's swag punjabi,1,Instagram,0
624,swag,1,Instagram,0
625,could agree,-1,Instagram,1
626,amazing,1,Instagram,1
627,best demotivator world,1,Instagram,1
628,"hello sir , way contact",0,Instagram,0
629,one bigeest fan sir,1,Instagram,1
630,genuine banda ever,1,Instagram,0
631,beautiful answer,1,Instagram,1
632,beautifully explained single line… . many people facing started something different,1,Instagram,1
633,sirr u r biggest inspiration,1,Instagram,1
634,"’ hype civil service , good life .",-1,Instagram,1
635,raveer reel liking .,1,Instagram,1
636,must testify great achievement platform changed life financiall,1,Instagram,1
637,crazy information - finished watching podcas,0,Instagram,-1
638,dangerous podcast,1,Instagram,-1
639,comparing crypto stock market n't great idea .,0,Instagram,-1
640,"also , also . let 's see crush come",1,Instagram,-1
641,someone podcast ’ mean know everything . … . comparing crypto stock market ! !,0,Instagram,0
642,big applaud brother bringing interesting podcasts learn something new glazing people,1,Instagram,1
643,personally feel .. way slowing economy .. fake news everywhere .,-1,Instagram,-1
644,useful information,1,Instagram,1
645,call exmuslim sahil show,0,Instagram,0
646,"invest fundamental strong n't afraid , go usual long term",1,Instagram,1
647,plz explain ai crypto relationship,0,Instagram,1
648,"become fool , earn",-1,Instagram,-1
649,continuing watch podcast brb,1,Instagram,0
650,"reason world better place , much love , appreciate kind gesture",1,Instagram,1
651,good one,1,Instagram,1
652,"’ stop telling world good thing done life ,",1,Instagram,1
653,"celebs , influencers public behind go foreign .",-1,Instagram,0
654,happy tht nobody thought lakshadweep tourism let see goes…,1,Instagram,1
655,agree agree agree,1,Instagram,1
656,"whoa , seems like awesome . got ta watch sure",1,Instagram,1
657,watching ur podcast best therapy,1,Instagram,1
658,bro ... add beep sound website,-1,Instagram,0
659,eep sound motherfucker,-1,Instagram,-1
660,want come .,0,Instagram,1
661,"brother , first ask many time day",1,Instagram,0
662,e try fit everything exact 160 rupee,-1,Instagram,1
663,big fan entrepreneurial point approach,1,Instagram,1
664,bro thought n't know ... 're lazy dumb,0,Instagram,-1
665,man business mindset,-1,Instagram,0
666,know dishonest ?,-1,Instagram,-1
667,love much,1,Instagram,1
668,'s definitely talent energy house,1,Instagram,1
669,masterpiec,1,Instagram,0
670,many come bro,1,Instagram,0
671,best ranveer,1,Instagram,1
672,lucky part show,1,Instagram,1
673,trs top podcast year,1,Instagram,1
674,leading way,1,Instagram,0
675,stats podcasts ..... way go bhayya always,1,Instagram,0
676,favourite youtuber bhaiya,1,Instagram,0
677,please make deaf accessible make,0,Instagram,1
678,"best game , og , pioneer “ podcasting ” . way go come !",1,Instagram,1
679,3960 minute . top 1 % fan . podcast living encyclopaedia .,1,Instagram,1
680,wishing love power compound growth ahead also take india world,1,Instagram,1
681,"huge fan , sir . hope u achieve greatness",1,Instagram,1
682,guy deserves success come . god bless,1,Instagram,1
683,"'m actually enjoying reply , interact",0,Instagram,1
684,'d reincarnate even greater number time . rebirth rebirth . death death . one emotion enough realise woman shakti found shiva,0,Instagram,1
685,podcasts helped cope sudden death father . conversation create perspective . pain personal remedy universal . thank much @ ranveerallahbadia @ beerbiceps team .,1,Instagram,1
686,kudos energy knowledge impart . stay happy & keep glowing .,1,Instagram,1
687,hii n't know feel like twinflame spritual jurney . right,0,Instagram,-1
688,favorite episode,1,Instagram,1
689,promoting mumbai police instead said indian/bharat police . sound mumbai different bharat,0,Instagram,1
690,u keep way motivate u bro u sad way think 1ly life go,1,Instagram,1
691,bro roasted best roster,1,Instagram,1
692,adore maturity child like behavior approach towards life,1,Instagram,1
693,"n't understand context self love . ever person self care , self awareness , self motivation self love ? love giving another person .",0,Instagram,1
694,love,1,Instagram,1
695,finally podcast carry ranveer deepfake,1,Instagram,0
696,youtube community wholesome,1,Instagram,0
697,stabbed chance brother,1,Instagram,1
698,friend know rise occasion…with honour dignity . looking forward hearing one,1,Instagram,1
699,ranveer posting reel nothing `` strike iron hot '',0,Instagram,1
700,make video roast going home,1,Instagram,0
701,anveer surely know occupy audience,1,Instagram,1
702,love man,1,Instagram,1
703,respect,1,Instagram,1
704,healthy way awnser huge respect understanding,1,Instagram,1
705,always learn best line,-1,Instagram,1
706,really low standard guy ! guy got ta stay . currently 's better stay .,1,Instagram,1
707,great sportmanship . respect,1,Instagram,1
708,time bring back trs,1,Instagram,0
709,trolling converted trending,-1,Instagram,0
710,feel good seeing enjoying parody unlike others take -1ly ! !,1,Instagram,1
711,ranveer literally '' positivity face,1,Instagram,1
712,nod alot coz respect every single thought person sitting front,1,Instagram,1
713,genius take joke joke .,1,Instagram,1
714,best podcaster youtube .. keep,1,Instagram,1
715,love guy . love people laugh,1,Instagram,1
716,roasted way enjoy,1,Instagram,1
717,huge respect ranveer bhai .. taking roast funny way,1,Instagram,1
718,"content creator , difference value 're providing society .",1,Instagram,1
719,ranveer literally '' positivity face ”,-1,Instagram,1
720,watching podcasts admit invigorating…,1,Instagram,1
721,next level performance,1,Instagram,0
722,take roast content,1,Instagram,0
723,awesome,1,Instagram,1
724,bro perfect example influencer handle hate troll,1,Instagram,1
725,sporting person come taking meme ! hatsoff,1,Instagram,0
726,team know well make roast video content well,1,Instagram,1
727,bro know take joke .,1,Instagram,1
728,goat stand comedy,1,Instagram,1
729,self made artist,1,Instagram,0
730,one soothing conversation guy .,1,Instagram,1
731,look jolly person time . also came college really humble patient . never know person gone,1,Instagram,1
732,gem person,1,Instagram,0
733,"one best podcasts ’ ever seen . much depth , reality , emotion courage ! c",1,Instagram,1
734,still always sweet .,1,Instagram,1
735,personality different wholesome person,1,Instagram,0
736,beautiful inspirational podcast ever,1,Instagram,1
737,brother inspiration,1,Instagram,1
738,guy creating legacy created scene yet ! absolute legend,1,Instagram,1
739,"inspiring episode . fact grounded despite success , teach u lot thing",1,Instagram,1
740,mad respect,1,Instagram,1
741,"line said , recognize person , heart , stole heart",1,Instagram,0
742,amazing great question,1,Instagram,1
743,ranveer channel one best podcasts man ! lot go,1,Instagram,1
744,wonderful,1,Instagram,1
745,wow .. inspired lott .. ranveer know thnks making podcast.learned lott her.shes outstanding,1,Instagram,1
746,r u make podcast raj shamani sir . wan na know great podcasters create podcast,1,Instagram,1
747,bro watching podcast time well spen,1,Instagram,1
748,"appreciate guy actually gut hug father , express much love . 's real courage !",1,Instagram,1
749,true . express emotional jealous social medium,1,Instagram,1
750,amazing podcast ! listened yesterday,1,Instagram,1
751,loved ranveer clarifying sexual tendency throughout podcast,1,Instagram,1
752,feel like 's done,-1,Instagram,1
753,"god , podcast took two day absorb soo special one",1,Instagram,1
754,looked uninterested uncomfortable whole podcast .,-1,Instagram,-1
755,reason podcast becoming salute ?,0,Instagram,0
756,way asked question ranveer sir,1,Instagram,0
757,amazing poadcast ever seen,1,Instagram,1
758,one amazing musician country trs .,1,Instagram,1
759,love respect come back much stronger force time,1,Instagram,1
760,"ranveer seen video official channel beerbiceps & ranveer allahbadia podcasts recorded covid conversation , vibe conversation , guest vibe hit something different",1,Instagram,0
761,speaks one line,0,Instagram,0
762,good one,1,Instagram,1
763,oh plz ranveer . 's opportunistic quite boring,1,Instagram,1
764,sir please invite engineer muhammad ali mirza podcast,0,Instagram,1
765,’ rare supportive people around even tough day,1,Instagram,1
766,"ranveer .. wrong invite khalistan supporter show , unfollow man",-1,Instagram,1
767,favourite section podcast,1,Instagram,0
768,great personality,1,Instagram,1
769,shame u inviting pro khalistan,-1,Instagram,1
770,true ! !,1,Instagram,1
771,sorry champ .. agree ravan seen -1 character .,0,Instagram,1
772,ca n't relate said whole podcast,-1,Instagram,0
773,"ranveer , dont miss ishan shivanand ! advait shri vidya lalita rudra trishati make story podcast",0,Instagram,1
774,love podcast,1,Instagram,1
775,"hey ranveer ! youve got consider ishan shivanand podcast . advait shri vidya lineage fascinating , he using enhance collective consciousness lalita rudra trishati .",0,Instagram,1
776,hey ranveer ! ishan shivanands advait shri vidya lineage captivating . he lalita rudra trishati spreading wisdom . ideal podcast !,-1,Instagram,1
777,"ranveer , youd love host ishan shivanand podcast ! advait shri vidya lineage mind",-1,Instagram,1
778,"ranveer , kala bhairavs wisdom profound : ishan shivanand embodies advait shri vidya lalita rudra trishati .",-1,Instagram,1
779,sir recover goa want support,1,Instagram,1
780,jhingan ranveer,1,Instagram,0
781,think u need mental counseling bro ...,-1,Instagram,0
782,"right sir , , , agree & every word",1,Instagram,1
783,nothing sold soul,1,Instagram,0
784,want someone share spiritual journey love care,1,Instagram,1
785,’ agree r hindutva terror org . run country !,0,Instagram,1
786,bro preplanned murder ip guy untrustworthy,0,Instagram,-1
787,knowledgeable podcast ranveer sir,1,Instagram,0
788,true feel,0,Instagram,1
789,comment reel ? take ? righ,-1,Instagram,0
790,sir u truly inspiration,1,Instagram,1
791,indeed bro !,1,Instagram,0
792,inspiring,1,Instagram,1
793,reach u anyhow u deserve n hard work,1,Instagram,1
794,know whole story stage today popular podcaster,1,Instagram,1
795,great advice,1,Instagram,1
796,"keep going .... keep rocking ... stay healthy , wealthy blessed love , happiness best thing people life beta",1,Instagram,1
797,bro damn worked hard,1,Instagram,-1
798,great thought sir ... self love important,1,Instagram,1
799,yor inspiration many people,1,Instagram,1
800,nice video good thought,1,Instagram,1
801,useful usless drama,-1,facebook,1
802,ur big fan great see,1,facebook,1
803,making fool,-1,facebook,-1
804,bhai bg music loud kardo,0,facebook,0
805,issme hunted sounted kyu laga rakhi hai,0,facebook,0
806,"saying white lie , history battels",-1,facebook,0
807,ur big fan sir,1,facebook,1
808,religion best bussiness india,-1,facebook,1
809,great podcast,1,facebook,1
810,outstanding podcast,1,facebook,1
811,abbe kya batak chidiyo ka khel band karo,-1,facebook,0
812,sabse bekar logo k bich,-1,facebook,0
813,nonsense,-1,facebook,-1
814,also advour,0,facebook,0
815,host abt throw,-1,facebook,0
816,racism promoted,-1,facebook,1
817,podcast u oneday break record,0,facebook,0
818,mumble anything film promo,-1,facebook,0
819,surgery karake apna face nukeeela kar liya,-1,facebook,0
820,one best person film industry,1,facebook,1
821,pls cover bangladesh situation podcast,0,facebook,1
822,pseudoscience baba show,-1,facebook,-1
823,unfollowing u becoz u r losing focus,-1,facebook,-1
824,concentrate smthg worty instead ambani 's wedding,-1,facebook,0
825,expected smthg better u,-1,facebook,1
826,man still ambani zone,0,facebook,0
827,u cant even find good sub ur nonsense podcast,-1,facebook,-1
828,job,0,facebook,0
829,help bangladeshi student,0,facebook,1
830,please work english,-1,facebook,1
831,promoting ambanis,-1,facebook,1
832,ambani family great humble,1,facebook,1
833,big bullshit,-1,facebook,-1
834,talk hindi,0,facebook,0
835,bless u success love ranveer jst like ambanis,1,facebook,1
836,unfollowed,-1,facebook,0
837,much uget th,0,facebook,0
838,please stop lying lose accent,-1,facebook,1
839,want justice,0,facebook,1
840,bakwas,-1,facebook,0
841,humble well mannered,1,facebook,1
842,look 99 percent akash ambani,0,facebook,0
843,’ expect type podcast u,-1,facebook,0
844,good,1,facebook,1
845,great host,1,facebook,1
846,someone really watch rediculus channel,-1,facebook,0
847,indian starving around,0,facebook,-1
848,u r handsome sir,1,facebook,1
849,beautiful people,1,facebook,1
850,gossip,0,facebook,-1
851,disgusting,-1,facebook,-1
852,stop beerbiceps,-1,facebook,-1
853,keep good work,1,facebook,1
854,ur smile give positivity n calmness,1,facebook,1
855,tell u abt ambani wedding,0,facebook,0
856,stay blessed,1,facebook,1
857,wow,1,facebook,1
858,waiting eagerly th special podcast,1,facebook,1
859,well,1,facebook,1
860,happy u man,1,facebook,1
861,u r star,1,facebook,0
862,u r ryt path,1,facebook,0
863,toxic positivity peak,-1,facebook,1
864,"good going , great",1,facebook,1
865,akshay kumar always cheap liar,-1,facebook,-1
866,star 's supr genuine,1,facebook,0
867,irritating host,-1,facebook,-1
868,akshay ego rising,1,facebook,0
869,exactly wish,0,facebook,1
870,guess aki trying rooted,0,facebook,0
871,u make talking anyone feel easy,1,facebook,1
872,waw super podcast,1,facebook,1
873,lovely,1,facebook,1
874,bahut badhiya,1,facebook,0
875,never mess khiladi kumar,0,facebook,1
876,supb podcast,1,facebook,0
877,pls work bro,-1,facebook,1
878,akshay fake,-1,facebook,-1
879,akshay kumar biggest liar,-1,facebook,-1
880,wow,1,facebook,1
881,acting beerbiceps,-1,facebook,0
882,looking sharp,0,facebook,0
883,nice see u,1,facebook,1
884,superman,1,facebook,0
885,nice,1,facebook,1
886,soo refresh see u,1,facebook,0
887,enjoy bhai,1,facebook,1
888,load love hug,1,facebook,1
889,nice,1,facebook,1
890,u look great,1,facebook,1
891,hero,1,facebook,1
892,stunning,1,facebook,1
893,real handsome,1,facebook,1
894,mtlb kux v,-1,facebook,0
895,soo much superstition spread medium,-1,facebook,0
896,acharya g promoting vaastu business,-1,facebook,1
897,absolutely true,1,facebook,1
898,please stop promoting,-1,facebook,1
899,wow nice way promote,-1,facebook,1
900,delhi safe u bro,0,facebook,1
901,address ashram,0,facebook,0
902,soo true,1,facebook,1
903,1 energy,1,facebook,1
904,jai shree ram,0,facebook,0
905,nice,1,facebook,1
906,man baba,0,facebook,0
907,"true , experienced",1,facebook,1
908,blessed soul,1,facebook,1
909,happy u guy,1,facebook,1
910,ur great sir,1,facebook,1
911,wrong translation,-1,facebook,-1
912,lovely conversation,1,facebook,1
913,nice,1,facebook,1
914,good info,1,facebook,1
915,corectly write baba g name title,-1,facebook,0
916,beauty sanatan dharm,1,facebook,1
917,felt,1,facebook,0
918,important,1,facebook,1
919,true,-1,facebook,1
920,want justice,0,facebook,1
921,correct,1,facebook,0
922,u mad,-1,facebook,-1
923,thanks sharing,1,facebook,1
924,nonsense,-1,facebook,-1
925,informative,1,facebook,0
926,good,1,facebook,1
927,shame u,-1,facebook,-1
928,lying start end,-1,facebook,-1
929,nice podcast,1,facebook,1
930,nothing special,-1,facebook,-1
931,pride,1,facebook,1
932,get well soon,1,facebook,1
933,inspiration,1,facebook,1
934,get well soon,1,facebook,1
935,wishing u speedy recovery,1,facebook,1
936,proud u,1,facebook,1
937,get well soon,1,facebook,1
938,insightful,1,facebook,0
939,love,1,facebook,1
940,good,1,facebook,1
941,bakwas,-1,facebook,0
942,r right,1,facebook,0
943,feel spritual energy,1,facebook,1
944,true,1,facebook,1
945,100 % ryt,1,facebook,0
946,true,1,facebook,1
947,agree,1,facebook,1
948,absolutely true,1,facebook,1
949,fake,-1,facebook,-1
950,wish go,0,facebook,1
951,whatever say team doesnot follow,-1,facebook,0
952,super fake vdos,-1,facebook,1
953,good podcast fake expression,0,facebook,1
954,mouth expression,0,facebook,0
955,feel,1,facebook,0
956,ryt,1,facebook,0
957,look fake bro,-1,facebook,-1
958,expression,0,facebook,0
959,jai shree ram,0,facebook,0
960,sita ram,0,facebook,0
961,well educated eating gobar,-1,facebook,1
962,ram ram,0,facebook,0
963,plastic surgery 100 % acting 0 %,-1,facebook,0
964,plastic surgeon nice job,-1,facebook,1
965,love,1,facebook,1
966,nice,1,facebook,1
967,nice vdo,1,facebook,1
968,king,1,facebook,0
969,speak like struggled since childhood,-1,facebook,1
970,truly blessed,1,facebook,1
971,truthful,1,facebook,1
972,acting skill,-1,facebook,0
973,u r good actor,-1,facebook,1
974,grateful ur mom ',0,facebook,1
975,ur full plastic surgery lol,-1,facebook,1
976,beauty brain,1,facebook,1
977,plastic life,-1,facebook,0
978,god bless everyone,1,facebook,1
979,crush,0,facebook,-1
980,janvi innocent,1,facebook,1
981,get famous,1,facebook,0
982,deep n good thinker,1,facebook,1
983,find killer,0,facebook,-1
984,annyoing actress,-1,facebook,0
985,nice,1,facebook,1
986,lot love,1,facebook,1
987,ok ok,1,facebook,1
988,annoying voice,-1,facebook,-1
989,ugly,-1,facebook,-1
990,nice,1,facebook,1
991,divine soul,1,facebook,1
992,fake acting,-1,facebook,-1
993,important info,1,facebook,1
994,good information,1,facebook,1
995,informative podcast,1,facebook,0
996,nice explaination sir,1,facebook,1
997,great,1,facebook,1
998,waw best podcast,1,facebook,1
999,nice info,1,facebook,1
1000,nicely expressed,1,facebook,1
1001,true,1,facebook,1
1002,good,1,facebook,1
1003,sweet dear,1,facebook,1
1004,cuteness overloaded,1,facebook,1
1005,soo sweet,1,facebook,1
1006,love myth ',1,facebook,1
1007,peaceful partner,1,facebook,1
1008,god blesss u,1,facebook,1
1009,big respect u,1,facebook,1
1010,informative content,1,facebook,0
1011,peaceful doubt nothing,1,facebook,1
1012,call kind peoplein podcast ? ?,-1,facebook,1
1013,talking ?,0,facebook,0
1014,please correction temple location beerbiceps,-1,facebook,1
1015,like watching episode,1,facebook,1
1016,best god bless,1,facebook,1
1017,much lie u guy speak,-1,facebook,0
1018,great singer,1,facebook,1
1019,bullshit showing new trend india,-1,facebook,-1
1020,one money obiviously doo fancy diet,0,facebook,0
1021,lot love u,1,facebook,1
1022,amazing story,1,facebook,1
1023,nice story,1,facebook,1
1024,beautiful people,1,facebook,1
1025,’ hype anybody,-1,facebook,0
1026,love see listen podcast,1,facebook,1
1027,wow,1,facebook,1
1028,absolutely impactful thought,1,facebook,0
1029,love u chef,1,facebook,1
1030,amazing personality,1,facebook,1
1031,nice story,-1,facebook,1
1032,copy everything legend sidhu,-1,facebook,0
1033,keep bro,1,facebook,0
1034,good singer,1,facebook,1
1035,hole tshirt,0,facebook,0
1036,love,1,facebook,1
1037,love u babe,1,facebook,1
1038,seems amazing person,1,facebook,1
1039,lovely conversation dear,1,facebook,1
1040,luv u guy,1,facebook,0
1041,beerbiceps laugh reminds carrminity roast,0,facebook,1
1042,superstar,1,facebook,0
1043,blushing bro,1,facebook,0
1044,real legend,1,facebook,0
1045,best,1,facebook,1
1046,love,1,facebook,1
1047,nice,1,facebook,1
1048,auto tune,0,facebook,0
1049,wonderful,1,facebook,1
1050,nyc person,1,facebook,0
1051,jesus christ lord,0,facebook,0
1052,use dislike button,-1,facebook,-1
1053,shiv tandav shiv strotram,0,facebook,0
1054,bring literate people podcast,-1,facebook,0
1055,speaks innocentlu like child,1,facebook,1
1056,ca n't pronounce word correctly,-1,facebook,0
1057,beautiful rendition,1,facebook,1
1058,"waw , amazing",1,facebook,1
1059,giving strong vibe,1,facebook,1
1060,vibe strong strong,1,facebook,1
1061,beautiful voice,1,facebook,1
1062,1 voice,1,facebook,0
1063,u complementing,1,facebook,0
1064,future bright,1,facebook,1
1065,cute,1,facebook,1
1066,sweet divine voice,1,facebook,1
1067,awesome,1,facebook,1
1068,supernatural vibe,1,facebook,0
1069,nice,1,facebook,1
1070,powerful voice,1,facebook,1
1071,got goosebump,1,facebook,0
1072,voice sweet,1,facebook,1
1073,lovely,1,facebook,1
1074,goosebump,1,facebook,0
1075,asked gain view internet,-1,facebook,1
1076,bahut khob,1,facebook,0
1077,amazing,1,facebook,1
1078,soothing,1,facebook,1
1079,beautiful,1,facebook,1
1080,cute,1,facebook,1
1081,made,0,facebook,0
1082,"many fault man , correct",-1,facebook,-1
1083,pronounciation theek nahi haai,-1,facebook,0
1084,best thing watch today,1,facebook,1
1085,goosebump,1,facebook,0
1086,u r cute resmi desai,1,facebook,1
1087,good vdo,1,facebook,1
1088,always ryt,1,facebook,0
1089,please let guest speak,-1,facebook,1
1090,agreed,1,facebook,1
1091,ca n't tell expert dr.here,0,facebook,0
1092,thank soo much,1,facebook,1
1093,nice,1,facebook,1
1094,correct,1,facebook,0
1095,soo negativity comment section,0,facebook,-1
1096,please bring good heart surgeon,-1,facebook,1
1097,brilliant dr .,1,facebook,1
1098,hope partner sometime,0,facebook,1
1099,"jhoota , fake insaan",-1,facebook,-1
1100,’ like u,-1,facebook,1
1101,handsome,1,facebook,1
1102,comment full envy,-1,facebook,-1
1103,respect sir,1,facebook,1
1104,really,1,facebook,0
1105,u r correct dr. nene,1,facebook,0
1106,justice ssr,0,facebook,1
1107,great tallent lost,0,facebook,1
1108,love u susant,1,facebook,1
1109,yap true,1,facebook,1
1110,one best spiritual video,1,facebook,1
1111,great sir truly blessed,1,facebook,1
1112,could please sent invitation swani sarvapriyananda,0,facebook,1
1113,thank ranveer podcast,1,youtube,1
1114,ton thanks tantric mantra,1,youtube,1
1115,love work,1,youtube,1
1116,thank podcast,1,youtube,1
1117,ranveer really blessed soul,1,youtube,1
1118,thank much amazing podcast,1,youtube,1
1119,sir polite humble,1,youtube,0
1120,wow ! amazed,1,youtube,1
1121,podcast thought became true,0,youtube,1
1122,getting nice great guru enhance knowledge,1,youtube,1
1123,bless thanks fabulous podcast,1,youtube,1
1124,best podcast .. simplified fact well,1,youtube,1
1125,blessed soul always stay pious,1,youtube,1
1126,person send god,1,youtube,1
1127,loved fresh bfreath spiritual conversation,1,youtube,1
1128,felt goosebump hearing word personal story,1,youtube,0
1129,heartly gratitude .. keep episode,1,youtube,1
1130,best podcast…thanks ranveer,1,youtube,1
1131,great listen high spiritual,1,youtube,1
1132,superb mindblowing podcast,1,youtube,1
1133,awaited .. glad see,1,youtube,1
1134,"amazing , practical , sweet insightful podcast",1,youtube,1
1135,best knowledgeable podcast,1,youtube,1
1136,waiting podcast,0,youtube,0
1137,mindblowing podcast,1,youtube,0
1138,"man , wonderful",1,youtube,1
1139,one best episode,1,youtube,1
1140,became like saint seeing podcasts,1,youtube,1
1141,going super awesome,1,youtube,1
1142,grateful listen,1,youtube,1
1143,'s treat soul,1,youtube,1
1144,amazing work ranveer 's team find true gem,1,youtube,1
1145,lot clarity achieved,1,youtube,1
1146,aalways felt eternal bliss watching podcast,1,youtube,1
1147,love bring spirituality content,1,youtube,1
1148,feeling goosebump listening,0,youtube,1
1149,loved today 's podcast,1,youtube,1
1150,made well humble,1,youtube,1
1151,happy hear podcast,1,youtube,1
1152,loved episode,1,youtube,1
1153,amazing episode…best till,1,youtube,1
1154,lovely podcast .. thoroughly enjoyed,1,youtube,1
1155,masterpiece knowledge,1,youtube,1
1156,love watch episode,1,youtube,1
1157,felt good listening,1,youtube,1
1158,best podcast best guest,1,youtube,1
1159,"everyday , watch podcasts",0,youtube,0
1160,love ranveer bringing gem,1,youtube,1
1161,preview soothing,1,youtube,1
1162,one best podcast list,1,youtube,1
1163,good timing good speaker,1,youtube,1
1164,practical rational explanation,1,youtube,0
1165,wow mind blowing episode,1,youtube,1
1166,best best best guest… loved podcast,1,youtube,1
1167,awaited pod,1,youtube,-1
1168,glad got show,1,youtube,1
1169,enjoyed spiritual content,1,youtube,1
1170,ending touch heart,1,youtube,0
1171,u r fav creator,1,youtube,1
1172,lastline touching may heart,1,youtube,0
1173,watching jst got goosebump,1,youtube,0
1174,best podcast,1,Instagram,1
1175,human,0,Instagram,0
1176,shark 's tummy full,0,Instagram,0
1177,god put,0,Instagram,1
1178,hanji,0,Instagram,0
1179,extreme happened person,-1,Instagram,0
1180,ocra better,-1,Instagram,1
1181,wow great,1,Instagram,1
1182,amazing reality story,1,Instagram,1
1183,hatsoff,1,Instagram,0
1184,? ? ? ?,-1,Instagram,0
1185,bakkwass karna v podcast hai,-1,Instagram,0
1186,animal better human,0,Instagram,1
1187,good info,1,Instagram,1
1188,shark really attack human,0,Instagram,-1
1189,acting soo mucch,-1,Instagram,0
1190,bro go real shark tank,0,Instagram,0
1191,fast,0,Instagram,0
1192,thoughtfulll damm ! !,1,Instagram,0
1193,universal bos,1,Instagram,0
1194,bharat mata ki jay,0,Instagram,0
1195,great work,1,Instagram,1
1196,idiot,-1,Instagram,-1
1197,love,1,Instagram,1
1198,jai shree radhe shyam jai ho,0,Instagram,0
1199,podcast tiltle ?,0,Instagram,0
1200,amzing,1,Instagram,0
1201,bhai aapke question likhta kon hai,0,Instagram,0
1202,lot love,1,Instagram,1
1203,hello,1,Instagram,0
1204,come new zeland ammzing country,0,Instagram,0
1205,'s true,1,Instagram,1
1206,follow,0,Instagram,0
1207,radhe radhe,0,Instagram,0
1208,hari bol,0,Instagram,0
1209,intresting,1,Instagram,0
1210,going faith,1,Instagram,1
1211,har har mahadev,0,Instagram,0
1212,"right sir , , , agree & every word",1,Instagram,1
1213,faith move mountain,1,Instagram,1
1214,god great,1,Instagram,1
1215,madhuri dixit ko bulao,0,Instagram,0
1216,true faith,1,Instagram,1
1217,good luck,1,Instagram,1
1218,great observation,1,Instagram,1
1219,sahi baat,1,Instagram,0
1220,fekuu,-1,Instagram,0
1221,sir roasted whole bjp,0,Instagram,0
1222,totally baised,-1,Instagram,0
1223,come politics,0,Instagram,0
1224,amazing founder,1,Instagram,1
1225,great,1,Instagram,1
1226,waiting u,0,Instagram,0
1227,u need better mentor bro,-1,Instagram,1
1228,customer service pathetic,-1,Instagram,-1
1229,rcb,0,Instagram,0
1230,love listen type knowledge,1,youtube,1
1231,absolutely loved loved,1,youtube,1
1232,"listening podcast , reinforces dogmatic spirituality",0,youtube,0
1233,amazing podcast,1,youtube,1
1234,hook great,1,youtube,1
1235,great podcast,1,youtube,1
1236,please bring spiritual guru podcast,0,youtube,1
1237,keep providing content like,1,youtube,1
1238,best podcast ever,1,youtube,1
1239,heavy episode,0,youtube,0
1240,one finest episode,1,youtube,0
1241,waiting,0,youtube,0
1242,wow podcast,1,youtube,1
1243,podcast feel like service giving society,1,youtube,1
1244,inspiration many people,1,youtube,1
1245,never understand shiva shit podcast,-1,youtube,1
1246,bro know trending post,-1,youtube,0
1247,"idiot making , n't changed like brother , tell clearly .",-1,youtube,1
1248,bring people ... one talk logical podcast,-1,youtube,0
1249,"reciate podcast , sikh want live peacefully political party try humiliate problem start",1,youtube,1
1250,interesting many aware struggle triumph community ... really want country devoid caste creed .. ?,1,youtube,1
1251,dude u need make podcast sukhpreet singh udhoke . 's sikh scholar,1,youtube,0
1252,u hesitate littlt,-1,youtube,-1
1253,beautiful person,1,youtube,1
1254,bhai looking owsm yaami ji,1,youtube,0
1255,"well said , waah",1,youtube,1
1256,dude mentally upset,-1,youtube,-1
1257,proud honour hindu,1,youtube,1
1258,"powerful mantra , celestial sound mantra magic'in life",1,youtube,1
1259,"powerful mantra , celestial sound mantra magic'in life",1,youtube,1
1260,obsessed ranveer 's meme,1,youtube,-1
1261,'s love ranveer bhaiya,1,youtube,1
1262,much,-1,youtube,0
1263,boring,-1,youtube,-1
1264,voice dumdaar,1,youtube,0
1265,power packed performance delivered kill,1,youtube,-1
1266,ranveer bhaiya joking,0,youtube,1
1267,got restart watching podcast,1,youtube,0
1268,captain interview commander ranveer,1,youtube,0
1269,mainfested interview,1,youtube,0
1270,waiting amazing podcast,1,youtube,1
1271,amazing podcast,1,youtube,1
1272,ranveer bro soft hard power together,1,youtube,-1
1273,two unnecessary thing podcast,-1,youtube,0
1274,excellent episode man straight shooter,1,youtube,1
1275,eagerly waiting episode,1,youtube,1
1276,humble person,1,youtube,0
1277,podcast killer,1,youtube,-1
1278,ranveer good job,1,youtube,1
1279,amazing podcast,1,youtube,1
1280,amazing person,1,youtube,1
1281,1st time overacting paying,-1,facebook,0
1282,hehehe,0,facebook,0
1283,credit go editor,0,facebook,1
1284,great editing,0,facebook,1
1285,editing ….hats offf brooo,0,facebook,0
1286,u r jst dishonurable man,-1,facebook,0
1287,justifying lust,-1,facebook,0
1288,plz ’ interview mediocre guy,-1,facebook,1
1289,top level hypocrisy,-1,facebook,1
1290,extra marital afair getting mature,-1,facebook,1
1291,bold statement justify cheating,-1,facebook,1
1292,"wow , lier",-1,facebook,1
1293,rude,-1,facebook,-1
1294,extra marital affair nthg else,-1,facebook,0
1295,lost charm,-1,facebook,1
1296,nonsense,-1,facebook,-1
1297,glitter gold,-1,facebook,0
1298,jst hate,-1,facebook,-1
1299,cheating choice,-1,facebook,-1
1300,great actor,1,facebook,1
1301,love,1,facebook,1
1302,addicted cheater,-1,facebook,-1
1303,bullshit,-1,facebook,-1
1304,haahaha,0,facebook,0
1305,awesome,1,facebook,1
1306,lovely conversation,1,facebook,1
1307,awesome,1,facebook,1
1308,sahi bola,1,facebook,0
1309,love,1,facebook,1
1310,nice one,1,facebook,1
1311,true,1,facebook,1
1312,lol,0,facebook,1
1313,true,1,facebook,1
1314,full episode,0,facebook,0
1315,incredible,1,facebook,0
1316,u plz interview allu arjun,0,facebook,1
1317,incredible thing,1,facebook,0
1318,heart touching,1,facebook,0
1319,supper,1,facebook,0
1320,love song vibe,1,facebook,1
1321,lose,-1,facebook,-1
1322,intelligent answer,1,facebook,1
1323,matured,1,facebook,0
1324,true,1,facebook,1
1325,wise realisation,1,facebook,1
1326,perfect answer,1,facebook,1
1327,beautiful soul,1,facebook,1
1328,best,1,facebook,1
1329,nice sir,1,facebook,1
1330,"much ryt , informative factual",1,facebook,0
1331,biased vdo,-1,facebook,-1
1332,boring,-1,facebook,-1
1333,much needed podcast,1,facebook,0
1334,wow,1,facebook,1
1335,avenger movie,0,facebook,0
1336,u need improve ur acting,-1,facebook,1
1337,bro indirectly proposed,0,facebook,0
1338,brilliant acting,1,facebook,1
1339,intellight,1,facebook,0
1340,u look scared constipated,-1,facebook,-1
1341,hate language,-1,facebook,-1
1342,yes sir,1,facebook,1
1343,idiot,-1,facebook,-1
1344,lovely,1,facebook,1
1345,totally awesome,1,facebook,1
1346,nice,1,facebook,1
1347,aap bahot cute ho,1,facebook,1
1348,rcb win 2048,0,facebook,1
1349,well said robin,1,facebook,1
1350,true point,1,facebook,1
1351,key success hardwork,1,facebook,1
1352,cute,1,facebook,1
1353,pure soul,1,facebook,0
1354,true word,1,facebook,1
1355,god bless,1,facebook,1
1356,u killed girl,1,facebook,-1
1357,congratulation,1,facebook,1
1358,"honest , pure , sweet inspring interview",1,facebook,1
1359,happy u,1,facebook,1
1360,pure soul,1,facebook,0
1361,inspriration,1,facebook,0
1362,proud u girl,1,facebook,1
1363,true,1,facebook,1
1364,honest man,1,facebook,1
1365,true,1,facebook,1
1366,wow,1,facebook,1
1367,look different,0,facebook,0
1368,fantastic actor,1,facebook,1
1369,love actor,1,facebook,1
1370,,0,facebook,0
1371,find artificial,0,facebook,0
1372,dramtic always,-1,facebook,0
1373,blaming ppl,-1,facebook,-1
1374,dark side bollyhood,-1,facebook,0
1375,happens,0,facebook,0
1376,awesome,1,facebook,1
1377,good,1,facebook,1
1378,gorgeous,1,facebook,1
1379,great actoress,1,facebook,1
1380,worst movie,-1,facebook,-1
1381,overrated movie,-1,facebook,0
1382,bekar film,-1,facebook,0
1383,ally scary,0,facebook,-1
1384,agreed,1,facebook,1
1385,wan na watching,1,facebook,0
1386,nice episode,1,facebook,1
1387,outstanding,1,facebook,1
1388,great work sir,1,facebook,1
1389,soo agree,1,facebook,1
1390,nice film,1,facebook,1
1391,reall lovely film,1,facebook,1
1392,u sami,1,facebook,0
1393,well explained,1,facebook,1
1394,well said sir,1,facebook,1
1395,waw nice conversation,1,facebook,1
1396,nice talk,1,facebook,1
1397,one best podcast,1,youtube,1
1398,soft hard power together,0,youtube,-1
1399,thank much bringing,1,youtube,1
1400,`` kill '' killed,1,youtube,-1
1401,excellent podcast,1,youtube,1
1402,podcast want watch kill,0,youtube,1
1403,podcast voice .. addictive,1,youtube,0
1404,ranveer seem different podcast,0,youtube,0
1405,one finest movie,1,youtube,0
1406,n't watched full podcast,0,youtube,0
1407,sponsored podcast .. karan special message,-1,youtube,1
1408,ranveer become pr person netflix,0,youtube,0
1409,eat le butter start podcast,-1,youtube,0
1410,ranveer first name,0,youtube,0
1411,want see raghav juyal podcast,0,youtube,1
1412,ranveer bro utter gali time,-1,youtube,0
1413,almost covered everything,1,youtube,0
1414,best interviewer,1,youtube,1
1415,interesting discussion,1,youtube,1
1416,23l view tell power podcast,1,youtube,0
1417,best podcast,1,youtube,1
1418,thanks podcast,1,youtube,1
1419,waiting part 2,0,youtube,0
1420,one valuable podcast,1,youtube,1
1421,true every word,1,youtube,1
1422,podcast,1,youtube,0
1423,'s one best valuable podcast,1,youtube,1
1424,super information,1,youtube,1
1425,thanks sharing,1,youtube,1
1426,thank eye opener podcast,1,youtube,1
1427,need part 2 soon,1,youtube,0
1428,brilliant podcast,1,youtube,1
1429,desperately need part 2,1,youtube,-1
1430,nice informative podcast,1,youtube,1
1431,best podcast youtube,1,youtube,1
1432,eye opener,1,youtube,0
1433,thanks amazing video,1,youtube,1
1434,inspired podcast,1,youtube,1
1435,never watched long podcast one stretch,0,youtube,0
1436,one best podcast youtube,1,youtube,1
1437,great conversation,1,youtube,1
1438,great podcast,1,youtube,1
1439,kindly raise yoiur hand part 2 podcast,0,youtube,1
1440,amazing video sir,1,youtube,1
1441,one best podcast saw today,1,youtube,1
1442,eye opening video,1,youtube,0
1443,much inspired,1,youtube,1
1444,really learnt lot video,1,youtube,0
1445,thank podcast,1,youtube,1
1446,thanks lot making video,1,youtube,1
1447,best podcast,1,youtube,1
1448,knowledgeable podcast,1,youtube,0
1449,well explained,1,youtube,1
1450,"brother , sad",1,linkedIn,-1
1451,truly inspiring life lesson,1,linkedIn,1
1452,mindset transform approach life work .,1,linkedIn,0
1453,mentor generation,1,linkedIn,0
1454,need stored subconscious mind brain .,1,linkedIn,0
1455,tackle difficult situation,1,linkedIn,-1
1456,ignore question . appreciate .,1,linkedIn,1
1457,"hope well health … ( using chair ) , ,",1,linkedIn,1
1458,'s acceptable,-1,linkedIn,1
1459,people confusing others ..,-1,linkedIn,-1
1460,useful tip control thought life,1,linkedIn,1
1461,good know,1,linkedIn,1
1462,take care .. wishing quick recovery !,1,linkedIn,1
1463,money resource recover,-1,linkedIn,0
1464,resilience 1 attitude truly inspiring .,1,linkedIn,1
1465,true longevity & legacy ultimately lead profit,1,linkedIn,1
1466,'s team effort turn dream reality,0,linkedIn,1
1467,firstly thank guidance,1,linkedIn,1
1468,"always learn hard way , leave u .",0,linkedIn,-1
1469,check ur podcast,1,linkedIn,0
1470,sorry know,-1,linkedIn,-1
1471,wishing speedy recovery,1,linkedIn,1
1472,u gem brother…,1,linkedIn,0
1473,member linkdin owner,0,linkedIn,0
1474,"anything made stronger , physically mentally .",1,linkedIn,1
1475,'s unfortunate prevalent scam become,-1,linkedIn,-1
1476,stay informed stay safe .,1,linkedIn,1
1477,scammer directly add u,-1,linkedIn,0
1478,pursuit happiness .,1,linkedIn,1
1479,"late , early celebrate next world cup win .",1,linkedIn,1
1480,podcast startup mentor,1,linkedIn,0
1481,every post awesome valuable ....,1,linkedIn,1
1482,inspiring personality ...,1,linkedIn,1
1483,great @ ranveer allahbadia,1,linkedIn,1
1484,creativity adversity,1,linkedIn,1
1485,humbleness kindness make ur humanity nature,1,linkedIn,1
1486,impressive post lifelesson .,1,linkedIn,1
1487,selection speaker & topic .,1,linkedIn,0
1488,legend inspiration .,1,linkedIn,1
1489,check kneesovertoes guy,-1,linkedIn,0
1490,staying informed cautious,1,linkedIn,-1
1491,'s unfortunate prevalent scam become,-1,linkedIn,-1
1492,absolutely crucial stay informed,-1,linkedIn,0
1493,stay informed stay safe .,-1,linkedIn,1
1494,journey inspiring,1,linkedIn,1
1495,quote reminded movie - pursuit happiness .,1,linkedIn,1
1496,podcasts `` modern geeta '',1,linkedIn,0
1497,remind happy .,1,linkedIn,1
1498,answer every question .,0,linkedIn,0
1499,best luck,1,linkedIn,1
1500,dedication reminds u,1,linkedIn,0
1501,investing lasting value essential long-term success,1,linkedIn,1
1502,"chasing right thing , thing right",0,linkedIn,0
1503,make part .,1,linkedIn,0
1504,`` patience '' & cultivate mindset,0,linkedIn,0
1505,show everyday .,-1,linkedIn,0
1506,judge non political personality .,0,linkedIn,0
1507,"even give 1 % , 's still progress .",-1,linkedIn,1
1508,thanks sharing insightful conversation,1,linkedIn,1
1509,inspiring conversation,1,linkedIn,1
1510,insightful & give alot development,-1,linkedIn,0
1511,keep good work,1,linkedIn,1
1512,life perfect example,-1,linkedIn,1
1513,hiis energy passion reflects personality,1,linkedIn,1
1514,journey inspiring,1,linkedIn,1
1515,bro u inspiration start tube channel,1,linkedIn,1
1516,"true , ca n't truly experience",0,linkedIn,1
1517,understanding navigating life 's challenge allows u,1,linkedIn,1
1518,lot thing better wining world cup,1,linkedIn,1
1519,thank ranbeer everything,1,linkedIn,1
1520,every post awesome valuable ....,1,linkedIn,1
1521,inspiring personality ...,1,linkedIn,1
1522,great @ ranveer allahbadia,1,linkedIn,1
1523,humbleness kindness make ur humanity nature .,1,linkedIn,1
1524,nowadays sure krishna saguni ..,1,linkedIn,1
1525,work mental health remarkable,1,linkedIn,1
1526,good one,1,linkedIn,1
1527,great see covered topic,1,linkedIn,1
1528,mental health first priority .,1,linkedIn,0
1529,look forward watch tonight . !,1,linkedIn,0
1530,'s drive growth .,-1,linkedIn,1
1531,request appear podcast,1,linkedIn,0
1532,dear ranveer sir team,0,linkedIn,1
1533,pursuit happiness .,0,linkedIn,1
1534,"true , ca n't truly experience happiness",1,linkedIn,1
1535,understanding navigating,1,linkedIn,0
1536,true aptly stated,1,linkedIn,1
1537,make feel protected nevr .,0,linkedIn,1
1538,taking moment reflect journey important .,1,linkedIn,1
1539,inner child 's dream hope shaped today .,0,linkedIn,1
1540,ncredible see bring best guest,1,linkedIn,1
1541,'s thing forget entire life,1,linkedIn,-1
1542,last ball delivery happiness !,1,linkedIn,1
1543,"true game changer , field !",1,linkedIn,1
1544,happiness sadness intertwine heartfelt way .,0,linkedIn,1
1545,make feel protected,0,linkedIn,1
1546,kid hope adult learns something .,1,linkedIn,1
1547,tapping lead powerful conversation .,0,linkedIn,1
1548,'s incredible see bring best guest,1,linkedIn,1
1549,'s thing forget entire life .,0,linkedIn,-1
1550,"'s okay , n't post sometimes & enjoy",1,linkedIn,1
1551,pretentious pose,0,linkedIn,0
1552,ranveer ! know much love engagement,1,linkedIn,1
1553,"late , early celebrate next world cup win .",0,linkedIn,1
1554,", 's call enthusiasm , excitement , triumph .",1,linkedIn,1
1555,n't post like bro,-1,linkedIn,-1
1556,manifested podcast,1,linkedIn,0
1557,looking forward watching episode !,1,linkedIn,0
1558,definitely must-watch . thanks sharing !,1,linkedIn,1
1559,appreciated howsocial medium affect mental health .,1,linkedIn,1
1560,would love watch podcast !,1,linkedIn,1
1561,nowadays sure krishna saguni ..,0,linkedIn,1
1562,escape,0,linkedIn,1
1563,get ultimate answer question try vipassana .,0,linkedIn,0
1564,detachment indeed profound gradual journey .,1,linkedIn,0
1565,encouraging feeling wrap msg…,1,linkedIn,1
1566,"jainism , rationale avoiding certain food",0,linkedIn,1
1567,thank sharing profound practice .,1,linkedIn,1
1568,life change perception thought .,1,linkedIn,0
1569,groove song entire day,0,linkedIn,0
1570,energy passion reflects personality,1,linkedIn,1
1571,loved design carousel special,1,linkedIn,1
1572,gon na watch podcast soon . thanks sharing .,1,linkedIn,1
1573,way connected root amazing see .,1,linkedIn,1
1574,humility gift good parenting .,1,linkedIn,1
1575,fan ranveer ca n't complete day without u,1,linkedIn,1
1576,profound touching quote,1,linkedIn,0
1577,still enough,-1,linkedIn,0
1578,request appear podcast,-1,linkedIn,0
1579,"dear ranveer sir team ,",0,linkedIn,1
1580,"watched podcast , really like",1,linkedIn,1
1581,"beautiful thought , beautiful word",1,linkedIn,1
1582,beautifully heartfelt sentiment,1,linkedIn,1
1583,love,1,linkedIn,1
1584,presence truly illuminates life way,1,linkedIn,1
1585,e importance emotional connection relationship,0,linkedIn,1
1586,amazing,1,linkedIn,1
1587,staying informed cautious key .,-1,linkedIn,-1
1588,energy passion reflects personality,1,linkedIn,1
1589,ca n't feel happiness feel pain .,0,linkedIn,-1
1590,full discipline focus young age .,0,linkedIn,0
1591,one awaited podcast,1,linkedIn,-1
1592,loved episode,1,linkedIn,1
1593,good luck,1,linkedIn,1
1594,awesome,1,linkedIn,1
1595,excellent work,1,linkedIn,1
1596,innovative,1,linkedIn,1
1597,great work,1,linkedIn,1
1598,"`` spirituality trend , 's way life . ''",0,linkedIn,0
1599,make sense,-1,linkedIn,0
1600,imbibe spirituality living world .,0,linkedIn,0
1601,strong opinion,1,linkedIn,1
1602,impressive indeed,1,linkedIn,1
1603,feel ur pain,0,linkedIn,-1
1604,resilience shine word .,1,linkedIn,0
1605,bro already world gem sanskrit hyms,1,linkedIn,0
1606,ranveer allahbadia,0,linkedIn,0
1607,’ go song till date .,0,linkedIn,0
1608,"centre , give creative boost",1,linkedIn,1
1609,"sir , sent resume mail .",0,linkedIn,0
1610,much excited work organisation,0,linkedIn,1
1611,mean else say .,-1,linkedIn,0
1612,exciting opportunity beerbiceps medium,1,linkedIn,1
1613,wonderful . always remember,1,linkedIn,1
1614,potential instagram business individual huge .,0,linkedIn,1
1615,nice ranveer sir n't reply email,0,linkedIn,1
1616,look healing & different mean fill void .,-1,linkedIn,0
1617,chase discipline & result .,-1,linkedIn,0
1618,good could easily done otherwise .,1,linkedIn,1
1619,stay humble surrounded pride .,-1,linkedIn,1
1620,stay honest tempted shortcut .,-1,linkedIn,1
1621,record podcast byju 's founder,0,Instagram,0
1622,must testify great achievement,1,Instagram,1
1623,sir please talk indian men law,0,Instagram,1
1624,exactly know answer people looking,1,Instagram,0
1625,amazing,1,Instagram,1
1626,appreciate use platform,1,Instagram,1
1627,'m happy single,0,Instagram,1
1628,blessed,1,Instagram,1
1629,enjoying podcast single,1,Instagram,1
1630,love ur podcasts,1,Instagram,1
1631,loved vineeta 's podcast,1,Instagram,1
1632,sensible decision patient thing follow,1,Instagram,0
1633,omg ! thank,1,Instagram,1
1634,truly quite wholesome interesting,1,Instagram,1
1635,watch podcast,0,Instagram,0
1636,"also , good looking",1,Instagram,1
1637,regardless topic,0,Instagram,0
1638,"love sir , ma'am",1,Instagram,1
1639,like shark tank,-1,Instagram,1
1640,please never stop making video ..,-1,Instagram,1
1641,damn damn useful knowledgeable podcast,1,Instagram,1
1642,day ago girl nepal trafficked,0,Instagram,0
1643,scary man,1,Instagram,-1
1644,different creator,1,Instagram,0
1645,sir want vijay kedia sir trs show,1,Instagram,1
1646,soo pure,1,Instagram,0
1647,loved podcast .,1,Instagram,1
1648,unfollowed one ! !,-1,Instagram,0
1649,unfollowing,-1,Instagram,0
1650,highly disagree rubbish,-1,Instagram,-1
1651,highly disagree due respect,-1,Instagram,1
1652,unable control,-1,Instagram,0
1653,ranveer worst podcast worst timing !,-1,Instagram,-1
1654,reel made lose follower . unfollowed,-1,Instagram,-1
1655,bad podcast first time would say dis,-1,Instagram,-1
1656,unfollowing,-1,Instagram,0
1657,smell something,0,Instagram,0
1658,going wrong direction bro,-1,Instagram,-1
1659,unfollowing channel bringing anti bharat element,0,Instagram,-1
1660,ranveer posting,0,Instagram,0
1661,loved podcasts . real agenda crystal clear .,1,Instagram,1
1662,true word,1,Instagram,1
1663,hit still,1,Instagram,0
1664,look good clean shave,1,Instagram,1
1665,sir please talk men right,0,Instagram,1
1666,& trs one best podcasts always,1,Instagram,1
1667,spilling fact,0,Instagram,0
1668,eagerly waiting,1,Instagram,1
1669,"brother , podcast india",1,Instagram,0
1670,jay shree ram dosto,0,Instagram,0
1671,jay jay shree ram jay bajrang bali,0,Instagram,0
1672,podcasts opinion & point view,0,Instagram,0
1673,nehruji gandhi family defamed,0,Instagram,0
1674,pimp,-1,Instagram,0
1675,lol . people really believe thing either black white ! 😂,-1,Instagram,1
1676,untold truth ...,1,Instagram,1
1677,absolutely right,1,Instagram,0
1678,true .. fact remains fact,1,Instagram,1
1679,spitting fact !,-1,Instagram,0
1680,perfectly said,1,Instagram,1
1681,'s absolutely true .,1,Instagram,1
1682,good see ur video ranveer,1,Instagram,1
1683,misleading,-1,Instagram,-1
1684,real hero ….proud,1,Instagram,1
1685,anyone speak random shit !,1,Instagram,-1
1686,"podcast treasure trove knowledge , loved",1,Instagram,1
1687,also speaking reading somewhere,0,Instagram,0
1688,may kind journey . inspirational anyway,1,Instagram,1
1689,tvf made revolution filmmaking humour india,1,Instagram,1
1690,success see v struggle n't ! ! !,1,Instagram,1
1691,say india poor,-1,Instagram,-1
1692,mean deep seriousness sadness .,-1,Instagram,-1
1693,'s absolutely correct,1,Instagram,0
1694,,0,Instagram,0
1695,true love like true tuth life never rison,1,Instagram,1
1696,great,1,Instagram,1
1697,17 year ago one line changed life ranveer,1,Instagram,0
1698,full podcast topic lord hindi,0,Instagram,0
1699,love post,1,Instagram,1
1700,post always motivate,1,Instagram,1
1701,sir truly inspiration,1,Instagram,1
1702,great knowledge time investment,1,youtube,1
1703,one best podcast,1,youtube,1
1704,never seen genuine podcast,1,youtube,0
1705,informative video,1,youtube,0
1706,eye openeing,1,youtube,0
1707,intersting episode,1,youtube,0
1708,awesome podcast literally feel reality,1,youtube,1
1709,guy undisputed knowledge great story telling,1,youtube,1
1710,informative podcast youth,1,youtube,0
1711,one best podcasts seen,1,youtube,1
1712,amazing podcast,1,youtube,1
1713,hat,1,youtube,0
1714,part 2 plz,0,youtube,1
1715,thank video,1,youtube,1
1716,podcast ultimate eye opening,1,youtube,0
1717,thanks kind information,1,youtube,1
1718,excellent content apt,1,youtube,1
1719,must needed podcast today 's india,1,youtube,0
1720,give insight episode matter,0,youtube,1
1721,watched full without skipping,0,youtube,0
1722,totally agree everything u said,1,youtube,1
1723,spitting fact,0,youtube,0
1724,excellent presentation,1,youtube,1
1725,thank much valuable information,1,youtube,1
1726,one podcast kind,1,youtube,1
1727,engaging podcast loved,1,youtube,1
1728,hat accurate interpretation observation,1,youtube,0
1729,need part 2 podcast,1,youtube,0
1730,nice podcast,1,youtube,1
1731,wonderful podcast,1,youtube,1
1732,thanks lot sharing knowledge u,1,youtube,1
1733,blockbuster podcast,1,youtube,1
1734,good listen,1,youtube,1
1735,informative,1,youtube,0
1736,thoroughly enjoyed podcast,1,youtube,1
1737,"looking forward part 2 , 3 more…",1,youtube,0
1738,amazing video fact,1,youtube,1
1739,best podcast,1,youtube,1
1740,appreciate courage,1,youtube,1
1741,downloaded get deleted,0,youtube,0
1742,well said well done,1,youtube,1
1743,create next video exposing position india,0,youtube,1
1744,best video ever seen youtube,1,youtube,1
1745,please make second part,1,youtube,1
1746,podcast best podcast,1,youtube,1
1747,nicely presented,1,youtube,1
1748,one best podcast ever watched life,1,youtube,1
1749,first time watched full episode,0,youtube,0
1750,wow 's mind blowing podcast,1,youtube,1
1751,amazing content,1,youtube,1
1752,youth distracted,-1,youtube,-1
1753,literally eye opening podcast,1,youtube,0
1754,fact india,0,youtube,0
1755,cost company podcast,0,youtube,0
1756,wonderful podcast,1,youtube,1
1757,indian youth must watch type podcast,1,youtube,0
1758,part blow mind,1,youtube,0
1759,barely comment podcast wow podcast,1,youtube,1
1760,best podcast ever,1,youtube,1
1761,courageous interview,1,youtube,1
1762,interviewer absolutely professional,1,youtube,0
1763,informative podcast,1,youtube,0
1764,thanks information,1,youtube,1
1765,need known many,0,youtube,0
1766,better opposition,-1,youtube,1
1767,mind blowing podcast,1,youtube,0
1768,podcast dynasty politics,0,youtube,0
1769,'s really well packed information,1,youtube,1
1770,'s awesome research done,1,youtube,1
1771,superb podcast naked truth !,1,youtube,1
1772,worth seeing,1,youtube,1
1773,every word seems right,1,youtube,0
1774,always surprised podcast,1,youtube,1
1775,podcast changed vision,1,youtube,1
1776,exposed nicely truth,1,youtube,1
1777,awesome information guy,1,youtube,1
1778,highly appreciated,1,youtube,1
1779,awaiting part 2,1,youtube,0
1780,best podcast,1,youtube,1
1781,loved every moment podcast,1,youtube,1
1782,amazing content,1,youtube,1
1783,eye opener,1,youtube,0
1784,probably best podcast 've attended 2024,1,youtube,1
1785,good information,1,youtube,1
1786,need part 2 podcast,0,youtube,0
1787,love podcasts,1,youtube,1
1788,waste time listening,1,youtube,-1
1789,"title good , smartly put",1,youtube,1
1790,best podcast ever,1,youtube,1
1791,thing learnt bose owner indian legend,0,youtube,0
1792,convincing,1,youtube,1
1793,best podcast ever,1,youtube,1
1794,podcast almost 2hrs ever watched,1,youtube,0
1795,really related time,1,youtube,0
1796,'s brave commendable podcast,1,youtube,1
1797,nice well conducted podcast,1,youtube,1
1798,salute speaking truth,1,youtube,1
1799,perfect podcast,1,youtube,1
1800,"loved podcast , spot question , spot answer",1,youtube,1
1801,would really interesting episode,0,youtube,1
1802,amazing person,1,youtube,1
1803,self improvement definition,1,youtube,1
1804,u make podcast saint,0,youtube,0
1805,symbolic epic,1,youtube,0
1806,keep excellent interview ranveer,1,youtube,1
1807,'s unexpected yet awaited,1,youtube,-1
1808,one thes best podcast channel,1,youtube,1
1809,absolutely loved,1,youtube,1
1810,"deep , mature organic conversation",1,youtube,1
1811,never engaged podcast,0,youtube,-1
1812,thanks making experience possible,1,youtube,1
1813,many learning 's looking forward next one,1,youtube,0
1814,one best session ever seen,1,youtube,1
1815,hope see content like future,0,youtube,1
1816,"ca n't forget , superb podcast",1,youtube,1
1817,loved see arjun rampal podcast,1,youtube,1
1818,enjoying fullest,1,youtube,1
1819,looking forward one episode arjun,0,youtube,0
1820,really hoping,1,youtube,1
1821,another amazing episode,1,youtube,1
1822,podcast chill candid,1,youtube,0
1823,'m seeing two frame make feel trippy,0,youtube,0
1824,ended staring face,0,youtube,0
1825,conversation amazing,1,youtube,1
1826,think ’ one best episode,1,youtube,1
1827,great package,1,youtube,1
1828,one best interview 've watched,1,youtube,1
1829,lovely podcast .,1,youtube,1
1830,feel 's one best podcast channel,1,youtube,1
1831,thanks bringing show trs,1,youtube,1
1832,loved episode,1,youtube,1
1833,one suggestion explore area rather bollywood,-1,youtube,0
1834,really great podcast,1,youtube,1
1835,taking interview giving interview,-1,youtube,1
1836,loved episode much,1,youtube,1
1837,good conversation,1,youtube,1
1838,best line,1,youtube,1
1839,thanks ranveer getting personality,1,youtube,1
1840,beautiful episode,1,youtube,1
1841,thank podcast arjun rampal,1,youtube,1
1842,one sincere deep conversation,1,youtube,1
1843,feel earnest joy every episode,1,youtube,1
1844,inspiring,1,youtube,1
1845,loved episode,1,youtube,1
1846,best episode nicest person,1,youtube,1
1847,superb podcast,1,youtube,1
1848,extremrely naïve ill informed,-1,website,-1
1849,guy need hesitate,0,website,-1
1850,absolute amazing,1,website,1
1851,unlockinh insight,0,website,0
1852,insight & engaging,1,website,1
1853,guest r exceptionalbut need better informed host,-1,website,1
1854,5 star,1,website,0
1855,amazing podcast,1,website,1
1856,really enjoy listening,1,website,1
1857,best,1,website,1
1858,need slow,0,website,0
1859,extremley misinformed,-1,website,-1
1860,amazing podcast vdos utube,1,website,1
1861,"intresting , entertaing informative",1,website,0
1862,mother uk really enjoy,1,website,1
1863,life changing .hopefully literally,1,website,1
1864,1 star,0,website,0
1865,older episode newer episode,0,website,0
1866,room ro grow,0,website,0
1867,great content,1,website,1
1868,oldrr title,-1,website,0
1869,one best podcast,1,website,1
1870,life fairy tale,0,website,0
1871,podcast postive,1,website,0
1872,dynamic,1,website,1
1873,amazing,1,website,1
1874,practical,1,website,0
1875,help,1,website,1
1876,top quality content,1,website,1
1877,love podcast,1,website,1
1878,plz make longer vdos,-1,website,1
1879,u r inspiration,1,website,1
1880,thank ranver,1,website,1
1881,must listen,1,website,0
1882,relatable curiosity,1,website,0
1883,great series podcast,1,website,1
1884,best indian podcast,1,website,1
1885,manipulating salesman,-1,website,-1
1886,genuinely amazing work,1,website,1
1887,hi sir big fan ranveer,1,Instagram,1
1888,love u bhaii,1,Instagram,1
1889,talented hero,1,Instagram,1
1890,'s watching killing ?,1,Instagram,-1
1891,tagda voice brother,1,Instagram,0
1892,champ,1,Instagram,1
1893,u killeed bro,1,Instagram,0
1894,voice omg,1,Instagram,0
1895,wow genuine man,1,Instagram,1
1896,,0,Instagram,0
1897,735 day completed,0,Instagram,0
1898,ram ram ji,0,Instagram,0
1899,spiritual guru,0,Instagram,0
1900,ur journey captavating,1,Instagram,0
1901,podcast revelation,1,Instagram,0
1902,like ur smile,1,Instagram,1
1903,hello sir,0,Instagram,0
1904,hi sir big fan ranveer,1,Instagram,1
1905,love u bhaii,1,Instagram,1
1906,talented hero,1,Instagram,1
1907,'s watching killing ?,1,Instagram,-1
1908,tagda voice brother,1,Instagram,0
1909,champ,1,Instagram,1
1910,u killeed bro,1,Instagram,0
1911,voice omg,1,Instagram,0
1912,wow genuine man,1,Instagram,1
1913,,0,Instagram,0
1914,736 day completed,0,Instagram,0
1915,ram ram ji,0,Instagram,0
1916,spiritual guru,0,Instagram,0
1917,ur journey captavating,1,Instagram,0
1918,podcast revelation,1,Instagram,0
1919,like ur smile,1,Instagram,1
1920,hello sir,0,Instagram,0
1921,hi sir big fan ranveer,1,Instagram,1
1922,love u bhaii,1,Instagram,1
1923,talented hero,1,Instagram,1
1924,'s watching killing ?,1,Instagram,-1
1925,tagda voice brother,1,Instagram,0
1926,champ,1,Instagram,1
1927,u killeed bro,1,Instagram,0
1928,voice omg,1,Instagram,0
1929,wow genuine man,1,Instagram,1
1930,,0,Instagram,0
1931,737 day completed,0,Instagram,0
1932,ram ram ji,0,Instagram,0
1933,spiritual guru,0,Instagram,0
1934,ur journey captavating,1,Instagram,0
1935,podcast revelation,1,Instagram,0
1936,like ur smile,1,Instagram,1
1937,hello sir,0,Instagram,0
1938,hi sir big fan ranveer,1,Instagram,1
1939,love u bhaii,1,Instagram,1
1940,talented hero,1,Instagram,1
1941,'s watching killing ?,1,Instagram,-1
1942,tagda voice brother,1,Instagram,0
1943,champ,1,Instagram,1
1944,u killeed bro,1,Instagram,0
1945,voice omg,1,Instagram,0
1946,wow genuine man,1,Instagram,1
1947,,0,Instagram,0
1948,738 day completed,0,Instagram,0
1949,ram ram ji,0,Instagram,0
1950,spiritual guru,0,Instagram,0
1951,ur journey captavating,1,Instagram,0
1952,podcast revelation,1,Instagram,0
1953,like ur smile,1,Instagram,1
1954,first rule conversation `` stop interrupting start listening,-1,youtube,-1
1955,let complete first,-1,youtube,0
1956,n't interrupt,-1,youtube,1
1957,'s podcast debate,-1,youtube,0
1958,irritating viewer,-1,youtube,-1
1959,background book : `` n't talk '',-1,youtube,0
1960,great line,1,youtube,1
1961,’ interview multiple time failed candidate,0,youtube,-1
1962,splendid podcast,1,youtube,1
1963,make type ground honest conversation,1,youtube,1
1964,feedback please use repesctful word elder,-1,youtube,1
1965,awesome conversation,1,youtube,1
1966,n't make like debate show,-1,youtube,-1
1967,let guest express opinion first,-1,youtube,0
1968,respect professionalism,-1,youtube,1
1969,let like podcast debate show,-1,youtube,1
1970,informative much needed podcast,1,youtube,0
1971,keep work,1,youtube,0
1972,stop interrupting guest,-1,youtube,-1
1973,much informative regarding upsc perspective,1,youtube,0
1974,loved listening,1,youtube,1
1975,great session,1,youtube,1
1976,great podcast,1,youtube,1
1977,whenever watch podcast get inspire,1,youtube,1
1978,amazing job,1,youtube,1
1979,'s good podcast wrong time,0,youtube,1
1980,like podcast,1,youtube,1
1981,kind podcasts much needed,1,youtube,1
1982,question amazing,1,youtube,1
1983,great concept conversation,1,youtube,1
1984,great discussion civil servant aspirant,1,youtube,1
1985,"good , informative interesting conversation",1,youtube,1
1986,educative podcast,1,youtube,0
1987,awaited podcast,1,youtube,-1
1988,brilliant conversation,1,youtube,1
1989,interruption conversation annoying,-1,youtube,-1
1990,could better,0,youtube,1
1991,knowledgeable podcast,1,youtube,0
1992,beautiful conversation,1,youtube,1
1993,really get learn something podcasts,1,youtube,0
1994,interview amazing,1,youtube,1
1995,thanks increasing information,1,youtube,1
1996,listened whole podcast,1,youtube,0
1997,great open-minded interview,1,youtube,1
1998,seek therapy,1,Instagram,0
1999,introspection,0,Instagram,0
2000,,0,Instagram,0
2001,running,0,Instagram,0
2002,wach ur speech podcast ',1,Instagram,0
2003,keep motivation alive,1,Instagram,1
2004,relax,1,Instagram,1
2005,dance,0,Instagram,0
2006,drink alcohol,-1,Instagram,0
2007,unfollow u,-1,Instagram,0
2008,real,1,Instagram,0
2009,good podcast,1,Instagram,1
2010,expensive therapy,1,Instagram,0
2011,rewatch ur vdos,1,Instagram,0
2012,u r looking like,0,Instagram,1
2013,cute,1,Instagram,1
2014,ur utube vdos b bigger,0,Instagram,0
2015,yash,0,Instagram,0
2016,’ gossip,-1,Instagram,-1
2017,call,0,Instagram,0
2018,dropping jaw,0,Instagram,0
2019,extented content,0,Instagram,0
2020,postive discussion,1,Instagram,0
2021,nthg excited,-1,Instagram,1
2022,plz interview srk,0,Instagram,1
2023,everyone idiol mentor,1,Instagram,0
2024,love u,1,Instagram,1
2025,bullshit,-1,Instagram,-1
2026,omg kgf,0,Instagram,0
2027,u r best,1,Instagram,1
2028,outdated,-1,Instagram,0
2029,wow man killed,1,Instagram,1
2030,lol today,-1,Instagram,1
2031,glass,0,Instagram,0
2032,missing og vintage,0,Instagram,-1
2033,awesome,1,Instagram,1
2034,met dirty dirty,-1,Instagram,-1
2035,’ lower ur respect,-1,Instagram,1
2036,life drug lie,0,Instagram,0
2037,feeling soo bad,0,Instagram,1
2038,heartbreaking,0,Instagram,-1
2039,scam,-1,Instagram,-1
2040,fav,1,Instagram,1
2041,informative video,1,youtube,0
2042,loved episode,1,youtube,1
2043,n't interrupt,-1,youtube,1
2044,amazing conversation,1,youtube,1
2045,please ’ spread false notion,-1,youtube,1
2046,informative enjoyable interview,1,youtube,1
